Player,Runs,Mins,BF,4s,6s,SR,Inns,Opposition,Ground,Start Date
Abdur Razzak,0,5,2,0,0,0,1,v Zimbabwe,Khulna,28-Nov-06
Abdur Razzak,DNB,-,-,-,-,-,2,v Kenya,Nairobi (Gym),1-Sep-07
Abdur Razzak,DNB,-,-,-,-,-,2,v Pakistan,Nairobi (Gym),2-Sep-07
Abdur Razzak,DNB,-,-,-,-,-,2,v West Indies,Johannesburg,13-Sep-07
Abdur Razzak,2*,10,6,0,0,33.33,1,v South Africa,Cape Town,15-Sep-07
Abdur Razzak,0*,2,0,0,0,-,1,v Australia,Cape Town,16-Sep-07
Abdur Razzak,5,10,12,0,0,41.66,2,v Sri Lanka,Johannesburg,18-Sep-07
Abdur Razzak,0,1,1,0,0,0,1,v Pakistan,Cape Town,20-Sep-07
Abdur Razzak,1*,5,3,0,0,33.33,2,v Pakistan,Karachi,20-Apr-08
Abdur Razzak,0,2,2,0,0,0,2,v South Africa,Johannesburg,5-Nov-08
Abdur Razzak,0*,4,0,0,0,-,1,v Ireland,Nottingham,8-Jun-09
Abdur Razzak,DNB,-,-,-,-,-,2,v Pakistan,Gros Islet,1-May-10
Abdur Razzak,3*,6,8,0,0,37.5,2,v Australia,Bridgetown,5-May-10
Abdur Razzak,1*,2,1,0,0,100,2,v West Indies,Dhaka,11-Oct-11
Abdur Razzak,9,10,9,1,0,100,2,v Pakistan,Dhaka,29-Nov-11
Abdur Razzak,DNB,-,-,-,-,-,1,v Ireland,Belfast,18-Jul-12
Abdur Razzak,DNB,-,-,-,-,-,1,v Ireland,Belfast,20-Jul-12
Abdur Razzak,3*,9,4,0,0,75,2,v Ireland,Belfast,21-Jul-12
Abdur Razzak,1,2,2,0,0,50,2,v Scotland,The Hague,24-Jul-12
Abdur Razzak,DNB,-,-,-,-,-,2,v Netherlands,The Hague,25-Jul-12
Abdur Razzak,2,3,2,0,0,100,1,v Netherlands,The Hague,26-Jul-12
Abdur Razzak,0*,5,2,0,0,0,2,v New Zealand,Pallekele,21-Sep-12
Abdur Razzak,DNB,-,-,-,-,-,1,v Pakistan,Pallekele,25-Sep-12
Abdur Razzak,DNB,-,-,-,-,-,2,v West Indies,Dhaka,10-Dec-12
Abdur Razzak,6*,12,8,0,0,75,2,v Sri Lanka,Pallekele,31-Mar-13
Abdur Razzak,2,4,4,0,0,50,2,v Zimbabwe,Bulawayo,11-May-13
Abdur Razzak,6*,9,6,0,0,100,1,v Zimbabwe,Bulawayo,12-May-13
Abdur Razzak,0,4,1,0,0,0,2,v New Zealand,Dhaka,6-Nov-13
Abdur Razzak,DNB,-,-,-,-,-,2,v Afghanistan,Dhaka,16-Mar-14
Abdur Razzak,DNB,-,-,-,-,-,2,v Nepal,Chittagong,18-Mar-14
Abdur Razzak,0,1,1,0,0,0,1,v Hong Kong,Chittagong,20-Mar-14
Abdur Razzak,DNB,-,-,-,-,-,2,v Pakistan,Dhaka,30-Mar-14
Abdur Razzak,DNB,-,-,-,-,-,1,v Australia,Dhaka,1-Apr-14
Abdur Razzak,DNB,-,-,-,-,-,1,v West Indies,Basseterre,27-Aug-14
Abul Hasan,DNB,-,-,-,-,-,1,v Ireland,Belfast,18-Jul-12
Abul Hasan,DNB,-,-,-,-,-,1,v Ireland,Belfast,20-Jul-12
Abul Hasan,9,15,8,1,0,112.5,2,v Scotland,The Hague,24-Jul-12
Abul Hasan,DNB,-,-,-,-,-,1,v Pakistan,Pallekele,25-Sep-12
Abu Hider,DNB,-,-,-,-,-,2,v Zimbabwe,Khulna,20-Jan-16
Abu Hider,14,20,10,1,1,140,2,v Zimbabwe,Khulna,22-Jan-16
Abu Hider,DNB,-,-,-,-,-,1,v India,Dhaka,6-Mar-16
Abu Hider,DNB,-,-,-,-,-,1,v Ireland,Dharamsala,11-Mar-16
Abu Hider,DNB,-,-,-,-,-,1,v Oman,Dharamsala,13-Mar-16
Aftab Ahmed,28,28,19,4,1,147.36,1,v Zimbabwe,Khulna,28-Nov-06
Aftab Ahmed,17,-,6,2,1,283.33,2,v Kenya,Nairobi (Gym),1-Sep-07
Aftab Ahmed,5,-,6,1,0,83.33,2,v Pakistan,Nairobi (Gym),2-Sep-07
Aftab Ahmed,62*,74,49,8,1,126.53,2,v West Indies,Johannesburg,13-Sep-07
Aftab Ahmed,36,15,14,5,2,257.14,1,v South Africa,Cape Town,15-Sep-07
Aftab Ahmed,31,51,34,2,0,91.17,1,v Australia,Cape Town,16-Sep-07
Aftab Ahmed,18,13,11,3,0,163.63,2,v Sri Lanka,Johannesburg,18-Sep-07
Aftab Ahmed,15,26,17,0,0,88.23,1,v Pakistan,Cape Town,20-Sep-07
Aftab Ahmed,3,7,5,0,0,60,2,v Pakistan,Karachi,20-Apr-08
Aftab Ahmed,12,14,14,1,1,85.71,1,v New Zealand,Hamilton,3-Feb-10
Aftab Ahmed,1,12,3,0,0,33.33,2,v Australia,Bridgetown,5-May-10
Alok Kapali,17*,-,19,1,0,89.47,2,v Kenya,Nairobi (Gym),1-Sep-07
Alok Kapali,19,-,11,2,1,172.72,2,v Pakistan,Nairobi (Gym),2-Sep-07
Alok Kapali,5*,6,7,0,0,71.42,2,v West Indies,Johannesburg,13-Sep-07
Alok Kapali,14,45,35,0,0,40,1,v South Africa,Cape Town,15-Sep-07
Alok Kapali,0,1,1,0,0,0,1,v Australia,Cape Town,16-Sep-07
Alok Kapali,2,6,9,0,0,22.22,2,v West Indies,Dhaka,11-Oct-11
Alok Kapali,0,4,3,0,0,0,2,v Pakistan,Dhaka,29-Nov-11
Al-Amin Hossain,5*,3,3,1,0,166.66,2,v New Zealand,Dhaka,6-Nov-13
Al-Amin Hossain,DNB,-,-,-,-,-,2,v Afghanistan,Dhaka,16-Mar-14
Al-Amin Hossain,DNB,-,-,-,-,-,2,v Nepal,Chittagong,18-Mar-14
Al-Amin Hossain,1,8,5,0,0,20,1,v Hong Kong,Chittagong,20-Mar-14
Al-Amin Hossain,0*,3,0,0,0,-,2,v West Indies,Dhaka,25-Mar-14
Al-Amin Hossain,DNB,-,-,-,-,-,1,v India,Dhaka,28-Mar-14
Al-Amin Hossain,DNB,-,-,-,-,-,2,v Pakistan,Dhaka,30-Mar-14
Al-Amin Hossain,DNB,-,-,-,-,-,1,v Australia,Dhaka,1-Apr-14
Al-Amin Hossain,DNB,-,-,-,-,-,1,v West Indies,Basseterre,27-Aug-14
Al-Amin Hossain,DNB,-,-,-,-,-,2,v Zimbabwe,Dhaka,13-Nov-15
Al-Amin Hossain,1*,1,2,0,0,50,1,v Zimbabwe,Dhaka,15-Nov-15
Al-Amin Hossain,DNB,-,-,-,-,-,2,v Zimbabwe,Khulna,15-Jan-16
Al-Amin Hossain,DNB,-,-,-,-,-,1,v Zimbabwe,Khulna,17-Jan-16
Al-Amin Hossain,DNB,-,-,-,-,-,2,v India,Dhaka,24-Feb-16
Al-Amin Hossain,DNB,-,-,-,-,-,1,v U.A.E.,Dhaka,26-Feb-16
Al-Amin Hossain,DNB,-,-,-,-,-,1,v Sri Lanka,Dhaka,28-Feb-16
Al-Amin Hossain,DNB,-,-,-,-,-,2,v Pakistan,Dhaka,2-Mar-16
Al-Amin Hossain,DNB,-,-,-,-,-,1,v India,Dhaka,6-Mar-16
Al-Amin Hossain,DNB,-,-,-,-,-,1,v Netherlands,Dharamsala,9-Mar-16
Al-Amin Hossain,DNB,-,-,-,-,-,1,v Ireland,Dharamsala,11-Mar-16
Al-Amin Hossain,DNB,-,-,-,-,-,1,v Oman,Dharamsala,13-Mar-16
Al-Amin Hossain,DNB,-,-,-,-,-,2,v Pakistan,Kolkata,16-Mar-16
Al-Amin Hossain,DNB,-,-,-,-,-,1,v Australia,Bangalore,21-Mar-16
Al-Amin Hossain,DNB,-,-,-,-,-,2,v India,Bangalore,23-Mar-16
Al-Amin Hossain,0,3,2,0,0,0,2,v New Zealand,Kolkata,26-Mar-16
Anamul Haque,22,21,12,3,1,183.33,2,v West Indies,Dhaka,10-Dec-12
Anamul Haque,58,69,45,7,0,128.88,2,v Sri Lanka,Chittagong,12-Feb-14
Anamul Haque,24,21,17,2,2,141.17,1,v Sri Lanka,Chittagong,14-Feb-14
Anamul Haque,44*,-,33,4,3,133.33,2,v Afghanistan,Dhaka,16-Mar-14
Anamul Haque,42,48,33,5,2,127.27,2,v Nepal,Chittagong,18-Mar-14
Anamul Haque,26,30,17,3,1,152.94,1,v Hong Kong,Chittagong,20-Mar-14
Anamul Haque,10,14,7,2,0,142.85,2,v West Indies,Dhaka,25-Mar-14
Anamul Haque,44,49,43,5,2,102.32,1,v India,Dhaka,28-Mar-14
Anamul Haque,18,23,16,3,0,112.5,2,v Pakistan,Dhaka,30-Mar-14
Anamul Haque,0,8,6,0,0,0,1,v Australia,Dhaka,1-Apr-14
Anamul Haque,19*,20,19,1,1,100,1,v West Indies,Basseterre,27-Aug-14
Anamul Haque,1,5,2,0,0,50,2,v Zimbabwe,Dhaka,13-Nov-15
Anamul Haque,47,70,51,3,0,92.15,1,v Zimbabwe,Dhaka,15-Nov-15
Arafat Sunny,DNB,-,-,-,-,-,2,v Sri Lanka,Chittagong,12-Feb-14
Arafat Sunny,5,11,6,1,0,83.33,1,v Sri Lanka,Chittagong,14-Feb-14
Arafat Sunny,DNB,-,-,-,-,-,2,v Pakistan,Dhaka,24-Apr-15
Arafat Sunny,1*,8,2,0,0,50,2,v South Africa,Dhaka,5-Jul-15
Arafat Sunny,5*,11,5,0,0,100,2,v South Africa,Dhaka,7-Jul-15
Arafat Sunny,5,7,8,0,0,62.5,1,v Zimbabwe,Dhaka,15-Nov-15
Arafat Sunny,10,8,5,2,0,200,2,v Zimbabwe,Khulna,22-Jan-16
Arafat Sunny,DNB,-,-,-,-,-,2,v Pakistan,Dhaka,2-Mar-16
Arafat Sunny,8*,5,4,0,1,200,1,v Netherlands,Dharamsala,9-Mar-16
Arafat Sunny,DNB,-,-,-,-,-,2,v Pakistan,Kolkata,16-Mar-16
Dhiman Ghosh,1,1,2,0,0,50,2,v Pakistan,Karachi,20-Apr-08
Elias Sunny,DNB,-,-,-,-,-,1,v Ireland,Belfast,18-Jul-12
Elias Sunny,DNB,-,-,-,-,-,1,v Ireland,Belfast,20-Jul-12
Elias Sunny,2*,4,2,0,0,100,2,v Ireland,Belfast,21-Jul-12
Elias Sunny,1*,6,3,0,0,33.33,2,v Scotland,The Hague,24-Jul-12
Elias Sunny,DNB,-,-,-,-,-,2,v Netherlands,The Hague,25-Jul-12
Elias Sunny,1,3,1,0,0,100,1,v Netherlands,The Hague,26-Jul-12
Elias Sunny,5,5,3,1,0,166.66,2,v New Zealand,Pallekele,21-Sep-12
Farhad Reza,7,4,5,1,0,140,1,v Zimbabwe,Khulna,28-Nov-06
Farhad Reza,DNB,-,-,-,-,-,2,v Kenya,Nairobi (Gym),1-Sep-07
Farhad Reza,18,-,14,2,0,128.57,2,v Pakistan,Nairobi (Gym),2-Sep-07
Farhad Reza,DNB,-,-,-,-,-,2,v West Indies,Johannesburg,13-Sep-07
Farhad Reza,19,24,21,0,2,90.47,1,v South Africa,Cape Town,15-Sep-07
Farhad Reza,4,13,13,0,0,30.76,1,v Australia,Cape Town,16-Sep-07
Farhad Reza,2,8,4,0,0,50,2,v Pakistan,Karachi,20-Apr-08
Farhad Reza,6,6,10,0,0,60,2,v Pakistan,Dhaka,29-Nov-11
Farhad Reza,7,12,5,1,0,140,2,v Sri Lanka,Chittagong,12-Feb-14
Farhad Reza,9,15,14,0,0,64.28,1,v Sri Lanka,Chittagong,14-Feb-14
Farhad Reza,DNB,-,-,-,-,-,2,v Afghanistan,Dhaka,16-Mar-14
Farhad Reza,DNB,-,-,-,-,-,2,v Nepal,Chittagong,18-Mar-14
Farhad Reza,0,4,2,0,0,0,1,v Hong Kong,Chittagong,20-Mar-14
Imrul Kayes,0,-,2,0,0,0,2,v Pakistan,Gros Islet,1-May-10
Imrul Kayes,0,2,6,0,0,0,2,v Australia,Bridgetown,5-May-10
Imrul Kayes,22,33,21,3,1,104.76,2,v West Indies,Dhaka,11-Oct-11
Imrul Kayes,2,24,8,0,0,25,2,v Pakistan,Dhaka,29-Nov-11
Imrul Kayes,10,27,11,2,0,90.9,1,v Zimbabwe,Dhaka,15-Nov-15
Imrul Kayes,1,3,3,0,0,33.33,2,v Zimbabwe,Khulna,20-Jan-16
Imrul Kayes,18,23,14,2,1,128.57,2,v Zimbabwe,Khulna,22-Jan-16
Imrul Kayes,14,29,24,1,0,58.33,2,v India,Dhaka,24-Feb-16
Jahurul Islam,18,17,12,1,1,150,2,v Australia,Bridgetown,5-May-10
Jahurul Islam,2,2,2,0,0,100,1,v Netherlands,The Hague,26-Jul-12
Jahurul Islam,11,10,9,2,0,122.22,2,v Sri Lanka,Pallekele,31-Mar-13
Jubair Hossain,DNB,-,-,-,-,-,2,v Zimbabwe,Dhaka,13-Nov-15
Junaid Siddique,71,57,49,6,3,144.89,1,v Pakistan,Cape Town,20-Sep-07
Junaid Siddique,4,15,2,1,0,200,2,v South Africa,Johannesburg,5-Nov-08
Junaid Siddique,41,37,22,2,3,186.36,2,v India,Nottingham,6-Jun-09
Junaid Siddique,13,5,5,3,0,260,1,v Ireland,Nottingham,8-Jun-09
Junaid Siddique,5,7,6,1,0,83.33,1,v West Indies,Basseterre,2-Aug-09
Junaid Siddique,25,24,20,3,1,125,2,v Netherlands,The Hague,25-Jul-12
Junaid Siddique,0,2,4,0,0,0,1,v Netherlands,The Hague,26-Jul-12
Liton Das,22,33,26,0,1,84.61,2,v South Africa,Dhaka,5-Jul-15
Liton Das,10,11,7,1,0,142.85,2,v South Africa,Dhaka,7-Jul-15
Liton Das,17,22,12,2,0,141.66,2,v Zimbabwe,Dhaka,13-Nov-15
Mahmudullah,2,-,8,0,0,25,2,v Kenya,Nairobi (Gym),1-Sep-07
Mahmudullah,9,-,15,1,0,60,2,v Pakistan,Nairobi (Gym),2-Sep-07
Mahmudullah,16,29,16,0,1,100,2,v Sri Lanka,Johannesburg,18-Sep-07
Mahmudullah,1,5,1,0,0,100,1,v Pakistan,Cape Town,20-Sep-07
Mahmudullah,2,8,5,0,0,40,2,v Pakistan,Karachi,20-Apr-08
Mahmudullah,8,15,13,0,0,61.53,2,v India,Nottingham,6-Jun-09
Mahmudullah,7,14,10,0,0,70,1,v Ireland,Nottingham,8-Jun-09
Mahmudullah,21,39,27,2,0,77.77,1,v West Indies,Basseterre,2-Aug-09
Mahmudullah,11,19,23,1,0,47.82,1,v New Zealand,Hamilton,3-Feb-10
Mahmudullah,0,-,3,0,0,0,2,v Pakistan,Gros Islet,1-May-10
Mahmudullah,2,2,3,0,0,66.66,2,v Australia,Bridgetown,5-May-10
Mahmudullah,2,6,5,0,0,40,2,v Pakistan,Dhaka,29-Nov-11
Mahmudullah,23,17,15,1,2,153.33,1,v Ireland,Belfast,18-Jul-12
Mahmudullah,3,5,4,0,0,75,1,v Ireland,Belfast,20-Jul-12
Mahmudullah,9,9,8,0,1,112.5,2,v Ireland,Belfast,21-Jul-12
Mahmudullah,9,11,8,1,0,112.5,2,v Scotland,The Hague,24-Jul-12
Mahmudullah,DNB,-,-,-,-,-,2,v Netherlands,The Hague,25-Jul-12
Mahmudullah,41,29,31,6,0,132.25,1,v Netherlands,The Hague,26-Jul-12
Mahmudullah,15,35,19,0,1,78.94,2,v New Zealand,Pallekele,21-Sep-12
Mahmudullah,0,3,2,0,0,0,1,v Pakistan,Pallekele,25-Sep-12
Mahmudullah,64*,68,48,3,4,133.33,2,v West Indies,Dhaka,10-Dec-12
Mahmudullah,31,27,18,3,1,172.22,2,v Sri Lanka,Pallekele,31-Mar-13
Mahmudullah,2,5,2,0,0,100,2,v Zimbabwe,Bulawayo,11-May-13
Mahmudullah,1,6,4,0,0,25,1,v Zimbabwe,Bulawayo,12-May-13
Mahmudullah,34,30,25,0,3,136,2,v New Zealand,Dhaka,6-Nov-13
Mahmudullah,9,11,10,1,0,90,1,v Sri Lanka,Chittagong,14-Feb-14
Mahmudullah,DNB,-,-,-,-,-,2,v Afghanistan,Dhaka,16-Mar-14
Mahmudullah,DNB,-,-,-,-,-,2,v Nepal,Chittagong,18-Mar-14
Mahmudullah,2,5,3,0,0,66.66,1,v Hong Kong,Chittagong,20-Mar-14
Mahmudullah,1,4,3,0,0,33.33,2,v West Indies,Dhaka,25-Mar-14
Mahmudullah,33*,27,23,5,1,143.47,1,v India,Dhaka,28-Mar-14
Mahmudullah,17*,22,12,0,1,141.66,2,v Pakistan,Dhaka,30-Mar-14
Mahmudullah,6*,20,7,0,0,85.71,1,v Australia,Dhaka,1-Apr-14
Mahmudullah,DNB,-,-,-,-,-,1,v West Indies,Basseterre,27-Aug-14
Mahmudullah,DNB,-,-,-,-,-,2,v Pakistan,Dhaka,24-Apr-15
Mahmudullah,22*,38,21,2,0,104.76,2,v Zimbabwe,Dhaka,13-Nov-15
Mahmudullah,8,2,4,2,0,200,1,v Zimbabwe,Dhaka,15-Nov-15
Mahmudullah,7,-,3,0,1,233.33,2,v Zimbabwe,Khulna,15-Jan-16
Mahmudullah,1,3,3,0,0,33.33,1,v Zimbabwe,Khulna,17-Jan-16
Mahmudullah,6,6,4,0,0,150,2,v Zimbabwe,Khulna,20-Jan-16
Mahmudullah,54,61,41,5,2,131.7,2,v Zimbabwe,Khulna,22-Jan-16
Mahmudullah,7,9,6,1,0,116.66,2,v India,Dhaka,24-Feb-16
Mahmudullah,36*,36,27,1,2,133.33,1,v U.A.E.,Dhaka,26-Feb-16
Mahmudullah,23*,23,12,2,1,191.66,1,v Sri Lanka,Dhaka,28-Feb-16
Mahmudullah,22*,33,15,2,1,146.66,2,v Pakistan,Dhaka,2-Mar-16
Mahmudullah,33*,18,13,2,2,253.84,1,v India,Dhaka,6-Mar-16
Mahmudullah,10,16,9,1,0,111.11,1,v Netherlands,Dharamsala,9-Mar-16
Mahmudullah,DNB,-,-,-,-,-,1,v Ireland,Dharamsala,11-Mar-16
Mahmudullah,DNB,-,-,-,-,-,1,v Oman,Dharamsala,13-Mar-16
Mahmudullah,4,8,5,0,0,80,2,v Pakistan,Kolkata,16-Mar-16
Mahmudullah,49*,38,29,7,1,168.96,1,v Australia,Bangalore,21-Mar-16
Mahmudullah,18,48,22,1,0,81.81,2,v India,Bangalore,23-Mar-16
Mahmudullah,5,14,8,0,0,62.5,2,v New Zealand,Kolkata,26-Mar-16
Mashrafe Mortaza,36,31,26,2,2,138.46,1,v Zimbabwe,Khulna,28-Nov-06
Mashrafe Mortaza,7*,-,6,0,1,116.66,2,v Kenya,Nairobi (Gym),1-Sep-07
Mashrafe Mortaza,10*,-,14,0,0,71.42,2,v Pakistan,Nairobi (Gym),2-Sep-07
Mashrafe Mortaza,DNB,-,-,-,-,-,2,v West Indies,Johannesburg,13-Sep-07
Mashrafe Mortaza,12,13,8,0,2,150,1,v South Africa,Cape Town,15-Sep-07
Mashrafe Mortaza,0,1,1,0,0,0,1,v Australia,Cape Town,16-Sep-07
Mashrafe Mortaza,12,11,12,2,0,100,2,v Sri Lanka,Johannesburg,18-Sep-07
Mashrafe Mortaza,11,14,14,0,0,78.57,1,v Pakistan,Cape Town,20-Sep-07
Mashrafe Mortaza,2,6,4,0,0,50,2,v Pakistan,Karachi,20-Apr-08
Mashrafe Mortaza,11,6,8,0,1,137.5,2,v India,Nottingham,6-Jun-09
Mashrafe Mortaza,33*,19,16,1,2,206.25,1,v Ireland,Nottingham,8-Jun-09
Mashrafe Mortaza,1,-,3,0,0,33.33,2,v Pakistan,Gros Islet,1-May-10
Mashrafe Mortaza,6,10,5,1,0,120,2,v Australia,Bridgetown,5-May-10
Mashrafe Mortaza,DNB,-,-,-,-,-,1,v Ireland,Belfast,18-Jul-12
Mashrafe Mortaza,5*,9,4,0,0,125,1,v Ireland,Belfast,20-Jul-12
Mashrafe Mortaza,30,16,13,0,4,230.76,2,v Ireland,Belfast,21-Jul-12
Mashrafe Mortaza,15,15,9,0,2,166.66,2,v Scotland,The Hague,24-Jul-12
Mashrafe Mortaza,DNB,-,-,-,-,-,2,v Netherlands,The Hague,25-Jul-12
Mashrafe Mortaza,5,6,3,1,0,166.66,2,v New Zealand,Pallekele,21-Sep-12
Mashrafe Mortaza,DNB,-,-,-,-,-,1,v Pakistan,Pallekele,25-Sep-12
Mashrafe Mortaza,7*,12,7,1,0,100,2,v New Zealand,Dhaka,6-Nov-13
Mashrafe Mortaza,DNB,-,-,-,-,-,2,v Sri Lanka,Chittagong,12-Feb-14
Mashrafe Mortaza,17,10,10,4,0,170,1,v Sri Lanka,Chittagong,14-Feb-14
Mashrafe Mortaza,DNB,-,-,-,-,-,2,v Afghanistan,Dhaka,16-Mar-14
Mashrafe Mortaza,DNB,-,-,-,-,-,2,v Nepal,Chittagong,18-Mar-14
Mashrafe Mortaza,19,18,17,3,0,111.76,2,v West Indies,Dhaka,25-Mar-14
Mashrafe Mortaza,6*,1,2,0,1,300,1,v India,Dhaka,28-Mar-14
Mashrafe Mortaza,17*,10,9,4,0,188.88,2,v Pakistan,Dhaka,30-Mar-14
Mashrafe Mortaza,DNB,-,-,-,-,-,2,v Pakistan,Dhaka,24-Apr-15
Mashrafe Mortaza,5,6,4,1,0,125,2,v South Africa,Dhaka,5-Jul-15
Mashrafe Mortaza,17,12,8,0,2,212.5,2,v South Africa,Dhaka,7-Jul-15
Mashrafe Mortaza,15*,12,12,2,1,125,2,v Zimbabwe,Dhaka,13-Nov-15
Mashrafe Mortaza,0,2,1,0,0,0,1,v Zimbabwe,Dhaka,15-Nov-15
Mashrafe Mortaza,DNB,-,-,-,-,-,2,v Zimbabwe,Khulna,15-Jan-16
Mashrafe Mortaza,DNB,-,-,-,-,-,1,v Zimbabwe,Khulna,17-Jan-16
Mashrafe Mortaza,DNB,-,-,-,-,-,2,v Zimbabwe,Khulna,20-Jan-16
Mashrafe Mortaza,22,18,12,1,2,183.33,2,v Zimbabwe,Khulna,22-Jan-16
Mashrafe Mortaza,0,1,1,0,0,0,2,v India,Dhaka,24-Feb-16
Mashrafe Mortaza,0,3,3,0,0,0,1,v U.A.E.,Dhaka,26-Feb-16
Mashrafe Mortaza,2,5,2,0,0,100,1,v Sri Lanka,Dhaka,28-Feb-16
Mashrafe Mortaza,12*,14,7,2,0,171.42,2,v Pakistan,Dhaka,2-Mar-16
Mashrafe Mortaza,0,1,1,0,0,0,1,v India,Dhaka,6-Mar-16
Mashrafe Mortaza,7,5,5,0,1,140,1,v Netherlands,Dharamsala,9-Mar-16
Mashrafe Mortaza,DNB,-,-,-,-,-,1,v Ireland,Dharamsala,11-Mar-16
Mashrafe Mortaza,DNB,-,-,-,-,-,1,v Oman,Dharamsala,13-Mar-16
Mashrafe Mortaza,15*,11,9,2,1,166.66,2,v Pakistan,Kolkata,16-Mar-16
Mashrafe Mortaza,DNB,-,-,-,-,-,1,v Australia,Bangalore,21-Mar-16
Mashrafe Mortaza,6,10,5,0,1,120,2,v India,Bangalore,23-Mar-16
Mashrafe Mortaza,3,6,5,0,0,60,2,v New Zealand,Kolkata,26-Mar-16
Mehrab Hossain jnr,6*,15,8,0,0,75,2,v South Africa,Johannesburg,5-Nov-08
Mehrab Hossain jnr,10,16,17,1,0,58.82,1,v West Indies,Basseterre,2-Aug-09
Mohammad Ashraful,36,-,20,4,1,180,2,v Kenya,Nairobi (Gym),1-Sep-07
Mohammad Ashraful,7,-,4,1,0,175,2,v Pakistan,Nairobi (Gym),2-Sep-07
Mohammad Ashraful,61,43,27,7,3,225.92,2,v West Indies,Johannesburg,13-Sep-07
Mohammad Ashraful,10,3,3,1,1,333.33,1,v South Africa,Cape Town,15-Sep-07
Mohammad Ashraful,7,11,6,1,0,116.66,1,v Australia,Cape Town,16-Sep-07
Mohammad Ashraful,4,14,8,0,0,50,2,v Sri Lanka,Johannesburg,18-Sep-07
Mohammad Ashraful,5,2,4,0,0,125,1,v Pakistan,Cape Town,20-Sep-07
Mohammad Ashraful,13,11,11,1,0,118.18,2,v Pakistan,Karachi,20-Apr-08
Mohammad Ashraful,21,12,10,5,0,210,2,v South Africa,Johannesburg,5-Nov-08
Mohammad Ashraful,11,14,9,1,0,122.22,2,v India,Nottingham,6-Jun-09
Mohammad Ashraful,14,14,10,1,1,140,1,v Ireland,Nottingham,8-Jun-09
Mohammad Ashraful,0,1,1,0,0,0,1,v West Indies,Basseterre,2-Aug-09
Mohammad Ashraful,11,29,14,1,0,78.57,1,v New Zealand,Hamilton,3-Feb-10
Mohammad Ashraful,65,-,49,4,3,132.65,2,v Pakistan,Gros Islet,1-May-10
Mohammad Ashraful,0,5,3,0,0,0,2,v Australia,Bridgetown,5-May-10
Mohammad Ashraful,24,25,25,2,0,96,2,v West Indies,Dhaka,11-Oct-11
Mohammad Ashraful,15,20,13,2,0,115.38,1,v Ireland,Belfast,18-Jul-12
Mohammad Ashraful,38,67,46,2,0,82.6,1,v Ireland,Belfast,20-Jul-12
Mohammad Ashraful,24,34,25,4,0,96,2,v Ireland,Belfast,21-Jul-12
Mohammad Ashraful,6,10,7,1,0,85.71,2,v Scotland,The Hague,24-Jul-12
Mohammad Ashraful,21,32,21,3,0,100,2,v New Zealand,Pallekele,21-Sep-12
Mohammad Ashraful,14,16,13,3,0,107.69,1,v Pakistan,Pallekele,25-Sep-12
Mohammad Ashraful,43,40,27,4,2,159.25,2,v Sri Lanka,Pallekele,31-Mar-13
Mohammad Mithun,0,2,1,0,0,0,2,v Sri Lanka,Chittagong,12-Feb-14
Mohammad Mithun,DNB,-,-,-,-,-,1,v West Indies,Basseterre,27-Aug-14
Mohammad Mithun,1,10,3,0,0,33.33,2,v India,Dhaka,24-Feb-16
Mohammad Mithun,47,53,41,4,2,114.63,1,v U.A.E.,Dhaka,26-Feb-16
Mohammad Mithun,0,1,2,0,0,0,1,v Sri Lanka,Dhaka,28-Feb-16
Mohammad Mithun,DNB,-,-,-,-,-,2,v Pakistan,Dhaka,2-Mar-16
Mohammad Mithun,DNB,-,-,-,-,-,1,v Ireland,Dharamsala,11-Mar-16
Mohammad Mithun,DNB,-,-,-,-,-,1,v Oman,Dharamsala,13-Mar-16
Mohammad Mithun,2,5,4,0,0,50,2,v Pakistan,Kolkata,16-Mar-16
Mohammad Mithun,23,44,22,1,1,104.54,1,v Australia,Bangalore,21-Mar-16
Mohammad Mithun,1,12,3,0,0,33.33,2,v India,Bangalore,23-Mar-16
Mohammad Mithun,11,21,17,1,0,64.7,2,v New Zealand,Kolkata,26-Mar-16
Mohammad Rafique,13,11,5,3,0,260,1,v Zimbabwe,Khulna,28-Nov-06
Mohammad Shahid,DNB,-,-,-,-,-,2,v Zimbabwe,Khulna,20-Jan-16
Mominul Haque,DNB,-,-,-,-,-,2,v West Indies,Dhaka,10-Dec-12
Mominul Haque,26*,27,16,2,1,162.5,2,v Sri Lanka,Pallekele,31-Mar-13
Mominul Haque,9,16,9,1,0,100,1,v Zimbabwe,Bulawayo,12-May-13
Mominul Haque,9,6,6,0,1,150,2,v New Zealand,Dhaka,6-Nov-13
Mominul Haque,16,37,19,2,0,84.21,2,v West Indies,Dhaka,25-Mar-14
Mominul Haque,DNB,-,-,-,-,-,1,v Australia,Dhaka,1-Apr-14
Mosaddek Hossain,15,21,19,1,0,78.94,2,v Zimbabwe,Khulna,20-Jan-16
Muktar Ali,19*,23,15,1,1,126.66,2,v Zimbabwe,Khulna,20-Jan-16
Mushfiqur Rahim,2,3,5,0,0,40,1,v Zimbabwe,Khulna,28-Nov-06
Mushfiqur Rahim,DNB,-,-,-,-,-,2,v Kenya,Nairobi (Gym),1-Sep-07
Mushfiqur Rahim,1*,-,2,0,0,50,2,v Pakistan,Nairobi (Gym),2-Sep-07
Mushfiqur Rahim,DNB,-,-,-,-,-,2,v West Indies,Johannesburg,13-Sep-07
Mushfiqur Rahim,4,12,6,0,0,66.66,1,v South Africa,Cape Town,15-Sep-07
Mushfiqur Rahim,3*,3,2,0,0,150,1,v Australia,Cape Town,16-Sep-07
Mushfiqur Rahim,1,1,1,0,0,100,2,v Sri Lanka,Johannesburg,18-Sep-07
Mushfiqur Rahim,6*,19,9,0,0,66.66,1,v Pakistan,Cape Town,20-Sep-07
Mushfiqur Rahim,12,14,9,2,0,133.33,2,v South Africa,Johannesburg,5-Nov-08
Mushfiqur Rahim,11*,26,11,1,0,100,2,v India,Nottingham,6-Jun-09
Mushfiqur Rahim,14,15,15,0,0,93.33,1,v Ireland,Nottingham,8-Jun-09
Mushfiqur Rahim,3,14,9,0,0,33.33,1,v West Indies,Basseterre,2-Aug-09
Mushfiqur Rahim,0,1,1,0,0,0,1,v New Zealand,Hamilton,3-Feb-10
Mushfiqur Rahim,4,-,3,0,0,133.33,2,v Pakistan,Gros Islet,1-May-10
Mushfiqur Rahim,24,31,25,2,1,96,2,v Australia,Bridgetown,5-May-10
Mushfiqur Rahim,41*,47,26,1,2,157.69,2,v West Indies,Dhaka,11-Oct-11
Mushfiqur Rahim,10,23,18,0,0,55.55,2,v Pakistan,Dhaka,29-Nov-11
Mushfiqur Rahim,6,14,5,1,0,120,1,v Ireland,Belfast,18-Jul-12
Mushfiqur Rahim,14,13,8,1,1,175,1,v Ireland,Belfast,20-Jul-12
Mushfiqur Rahim,18,41,20,0,1,90,2,v Ireland,Belfast,21-Jul-12
Mushfiqur Rahim,9,6,7,1,0,128.57,2,v Scotland,The Hague,24-Jul-12
Mushfiqur Rahim,37*,32,24,0,4,154.16,2,v Netherlands,The Hague,25-Jul-12
Mushfiqur Rahim,2,6,6,0,0,33.33,1,v Netherlands,The Hague,26-Jul-12
Mushfiqur Rahim,4,9,6,0,0,66.66,2,v New Zealand,Pallekele,21-Sep-12
Mushfiqur Rahim,25,36,26,1,1,96.15,1,v Pakistan,Pallekele,25-Sep-12
Mushfiqur Rahim,DNB,-,-,-,-,-,2,v West Indies,Dhaka,10-Dec-12
Mushfiqur Rahim,39,62,29,3,1,134.48,2,v Sri Lanka,Pallekele,31-Mar-13
Mushfiqur Rahim,28,32,14,1,2,200,2,v Zimbabwe,Bulawayo,11-May-13
Mushfiqur Rahim,17,15,12,2,0,141.66,1,v Zimbabwe,Bulawayo,12-May-13
Mushfiqur Rahim,50,46,29,7,1,172.41,2,v New Zealand,Dhaka,6-Nov-13
Mushfiqur Rahim,DNB,-,-,-,-,-,2,v Afghanistan,Dhaka,16-Mar-14
Mushfiqur Rahim,DNB,-,-,-,-,-,2,v Nepal,Chittagong,18-Mar-14
Mushfiqur Rahim,23,25,18,3,0,127.77,1,v Hong Kong,Chittagong,20-Mar-14
Mushfiqur Rahim,22,38,22,2,1,100,2,v West Indies,Dhaka,25-Mar-14
Mushfiqur Rahim,24,22,21,4,0,114.28,1,v India,Dhaka,28-Mar-14
Mushfiqur Rahim,2,3,4,0,0,50,2,v Pakistan,Dhaka,30-Mar-14
Mushfiqur Rahim,47,56,36,5,1,130.55,1,v Australia,Dhaka,1-Apr-14
Mushfiqur Rahim,DNB,-,-,-,-,-,1,v West Indies,Basseterre,27-Aug-14
Mushfiqur Rahim,19,15,15,4,0,126.66,2,v Pakistan,Dhaka,24-Apr-15
Mushfiqur Rahim,17,25,19,2,0,89.47,2,v South Africa,Dhaka,5-Jul-15
Mushfiqur Rahim,19,22,16,1,1,118.75,2,v South Africa,Dhaka,7-Jul-15
Mushfiqur Rahim,2,6,5,0,0,40,2,v Zimbabwe,Dhaka,13-Nov-15
Mushfiqur Rahim,9,11,8,1,0,112.5,1,v Zimbabwe,Dhaka,15-Nov-15
Mushfiqur Rahim,26,-,19,3,0,136.84,2,v Zimbabwe,Khulna,15-Jan-16
Mushfiqur Rahim,24*,26,20,1,0,120,1,v Zimbabwe,Khulna,17-Jan-16
Mushfiqur Rahim,16*,32,17,2,0,94.11,2,v India,Dhaka,24-Feb-16
Mushfiqur Rahim,4,11,8,0,0,50,1,v U.A.E.,Dhaka,26-Feb-16
Mushfiqur Rahim,4,13,9,0,0,44.44,1,v Sri Lanka,Dhaka,28-Feb-16
Mushfiqur Rahim,12,28,15,0,0,80,2,v Pakistan,Dhaka,2-Mar-16
Mushfiqur Rahim,4,10,5,0,0,80,1,v India,Dhaka,6-Mar-16
Mushfiqur Rahim,0,3,2,0,0,0,1,v Netherlands,Dharamsala,9-Mar-16
Mushfiqur Rahim,DNB,-,-,-,-,-,1,v Ireland,Dharamsala,11-Mar-16
Mushfiqur Rahim,DNB,-,-,-,-,-,1,v Oman,Dharamsala,13-Mar-16
Mushfiqur Rahim,18,28,21,3,0,85.71,2,v Pakistan,Kolkata,16-Mar-16
Mushfiqur Rahim,15*,23,11,2,0,136.36,1,v Australia,Bangalore,21-Mar-16
Mushfiqur Rahim,11,15,6,2,0,183.33,2,v India,Bangalore,23-Mar-16
Mushfiqur Rahim,0,2,2,0,0,0,2,v New Zealand,Kolkata,26-Mar-16
Mustafizur Rahman,DNB,-,-,-,-,-,2,v Pakistan,Dhaka,24-Apr-15
Mustafizur Rahman,1,5,6,0,0,16.66,2,v South Africa,Dhaka,5-Jul-15
Mustafizur Rahman,0,1,1,0,0,0,2,v South Africa,Dhaka,7-Jul-15
Mustafizur Rahman,DNB,-,-,-,-,-,2,v Zimbabwe,Dhaka,13-Nov-15
Mustafizur Rahman,1*,6,1,0,0,100,1,v Zimbabwe,Dhaka,15-Nov-15
Mustafizur Rahman,DNB,-,-,-,-,-,2,v Zimbabwe,Khulna,15-Jan-16
Mustafizur Rahman,DNB,-,-,-,-,-,1,v Zimbabwe,Khulna,17-Jan-16
Mustafizur Rahman,DNB,-,-,-,-,-,2,v India,Dhaka,24-Feb-16
Mustafizur Rahman,DNB,-,-,-,-,-,1,v U.A.E.,Dhaka,26-Feb-16
Mustafizur Rahman,DNB,-,-,-,-,-,1,v Sri Lanka,Dhaka,28-Feb-16
Mustafizur Rahman,DNB,-,-,-,-,-,1,v Australia,Bangalore,21-Mar-16
Mustafizur Rahman,0,2,0,0,0,-,2,v India,Bangalore,23-Mar-16
Mustafizur Rahman,6,1,3,0,1,200,2,v New Zealand,Kolkata,26-Mar-16
Nadif Chowdhury,10,7,7,1,0,142.85,1,v Zimbabwe,Khulna,28-Nov-06
Nadif Chowdhury,5,10,6,0,0,83.33,2,v Sri Lanka,Johannesburg,18-Sep-07
Nadif Chowdhury,12,14,10,1,0,120,1,v Pakistan,Cape Town,20-Sep-07
Naeem Islam,15,24,17,1,0,88.23,2,v South Africa,Johannesburg,5-Nov-08
Naeem Islam,28,15,17,0,3,164.7,2,v India,Nottingham,6-Jun-09
Naeem Islam,7,9,9,0,0,77.77,1,v Ireland,Nottingham,8-Jun-09
Naeem Islam,27,25,18,2,2,150,1,v West Indies,Basseterre,2-Aug-09
Naeem Islam,5,13,11,0,0,45.45,1,v New Zealand,Hamilton,3-Feb-10
Naeem Islam,10*,-,9,1,0,111.11,2,v Pakistan,Gros Islet,1-May-10
Naeem Islam,7,2,6,0,1,116.66,2,v Australia,Bridgetown,5-May-10
Naeem Islam,10,10,8,1,0,125,2,v West Indies,Dhaka,11-Oct-11
Naeem Islam,3,5,9,0,0,33.33,2,v Pakistan,Dhaka,29-Nov-11
Naeem Islam,18,17,10,3,1,180,2,v New Zealand,Dhaka,6-Nov-13
Nasir Hossain,18,22,15,1,0,120,2,v West Indies,Dhaka,11-Oct-11
Nasir Hossain,35*,44,38,2,1,92.1,2,v Pakistan,Dhaka,29-Nov-11
Nasir Hossain,8*,14,6,0,0,133.33,1,v Ireland,Belfast,18-Jul-12
Nasir Hossain,50*,41,33,4,2,151.51,1,v Ireland,Belfast,20-Jul-12
Nasir Hossain,5,4,5,1,0,100,2,v Ireland,Belfast,21-Jul-12
Nasir Hossain,7,8,5,1,0,140,2,v Scotland,The Hague,24-Jul-12
Nasir Hossain,DNB,-,-,-,-,-,2,v Netherlands,The Hague,25-Jul-12
Nasir Hossain,4,13,7,0,0,57.14,1,v Netherlands,The Hague,26-Jul-12
Nasir Hossain,50,38,39,6,1,128.2,2,v New Zealand,Pallekele,21-Sep-12
Nasir Hossain,16,21,13,2,0,123.07,1,v Pakistan,Pallekele,25-Sep-12
Nasir Hossain,DNB,-,-,-,-,-,2,v West Indies,Dhaka,10-Dec-12
Nasir Hossain,8,8,5,1,0,160,2,v Sri Lanka,Pallekele,31-Mar-13
Nasir Hossain,0,2,0,0,0,-,2,v Zimbabwe,Bulawayo,11-May-13
Nasir Hossain,27,32,23,3,0,117.39,1,v Zimbabwe,Bulawayo,12-May-13
Nasir Hossain,28,28,20,4,0,140,2,v New Zealand,Dhaka,6-Nov-13
Nasir Hossain,16,15,13,0,1,123.07,2,v Sri Lanka,Chittagong,12-Feb-14
Nasir Hossain,8,18,13,0,0,61.53,1,v Sri Lanka,Chittagong,14-Feb-14
Nasir Hossain,DNB,-,-,-,-,-,2,v Afghanistan,Dhaka,16-Mar-14
Nasir Hossain,DNB,-,-,-,-,-,2,v Nepal,Chittagong,18-Mar-14
Nasir Hossain,14*,28,17,0,0,82.35,1,v Hong Kong,Chittagong,20-Mar-14
Nasir Hossain,16,31,17,1,0,94.11,1,v India,Dhaka,28-Mar-14
Nasir Hossain,23,31,19,1,1,121.05,2,v Pakistan,Dhaka,30-Mar-14
Nasir Hossain,14,13,10,2,0,140,1,v Australia,Dhaka,1-Apr-14
Nasir Hossain,DNB,-,-,-,-,-,1,v West Indies,Basseterre,27-Aug-14
Nasir Hossain,DNB,-,-,-,-,-,2,v Pakistan,Dhaka,24-Apr-15
Nasir Hossain,1,4,2,0,0,50,2,v South Africa,Dhaka,5-Jul-15
Nasir Hossain,0,6,2,0,0,0,2,v South Africa,Dhaka,7-Jul-15
Nasir Hossain,16,12,12,1,1,133.33,2,v Zimbabwe,Dhaka,13-Nov-15
Nasir Hossain,3,8,5,0,0,60,1,v Zimbabwe,Dhaka,15-Nov-15
Nasir Hossain,DNB,-,-,-,-,-,1,v India,Dhaka,6-Mar-16
Nasir Hossain,3,12,7,0,0,42.85,1,v Netherlands,Dharamsala,9-Mar-16
Nazimuddin,43,-,37,3,2,116.21,2,v Kenya,Nairobi (Gym),1-Sep-07
Nazimuddin,81,-,50,8,5,162,2,v Pakistan,Nairobi (Gym),2-Sep-07
Nazimuddin,1,3,4,0,0,25,2,v West Indies,Johannesburg,13-Sep-07
Nazimuddin,0,4,1,0,0,0,1,v South Africa,Cape Town,15-Sep-07
Nazimuddin,11,21,17,2,0,64.7,1,v Australia,Cape Town,16-Sep-07
Nazimuddin,0,3,1,0,0,0,2,v Sri Lanka,Johannesburg,18-Sep-07
Nazimuddin,42,66,48,0,3,87.5,2,v Pakistan,Karachi,20-Apr-08
Nazmul Hossain,3*,14,12,0,0,25,1,v West Indies,Basseterre,2-Aug-09
Nazmul Hossain,0*,4,3,0,0,0,1,v New Zealand,Hamilton,3-Feb-10
Nazmul Hossain,DNB,-,-,-,-,-,2,v Ireland,Belfast,21-Jul-12
Nazmul Hossain,DNB,-,-,-,-,-,2,v Netherlands,The Hague,25-Jul-12
Nazmus Sadat,4,3,3,0,0,133.33,1,v Zimbabwe,Khulna,28-Nov-06
Nurul Hasan,7*,-,5,1,0,140,2,v Zimbabwe,Khulna,15-Jan-16
Nurul Hasan,DNB,-,-,-,-,-,1,v Zimbabwe,Khulna,17-Jan-16
Nurul Hasan,30*,20,17,5,0,176.47,2,v Zimbabwe,Khulna,20-Jan-16
Nurul Hasan,15,30,15,1,0,100,2,v Zimbabwe,Khulna,22-Jan-16
Nurul Hasan,0,1,1,0,0,0,1,v U.A.E.,Dhaka,26-Feb-16
Nurul Hasan,2,10,5,0,0,40,1,v Sri Lanka,Dhaka,28-Feb-16
Raqibul Hasan,3,7,5,0,0,60,2,v South Africa,Johannesburg,5-Nov-08
Raqibul Hasan,16,28,20,1,0,80,2,v India,Nottingham,6-Jun-09
Raqibul Hasan,13,20,20,0,0,65,1,v Ireland,Nottingham,8-Jun-09
Raqibul Hasan,1,4,4,0,0,25,1,v West Indies,Basseterre,2-Aug-09
Raqibul Hasan,18,20,13,2,1,138.46,1,v New Zealand,Hamilton,3-Feb-10
Robiul Islam,DNB,-,-,-,-,-,1,v Zimbabwe,Bulawayo,12-May-13
Rony Talukdar,21,34,22,0,1,95.45,2,v South Africa,Dhaka,7-Jul-15
Rubel Hossain,DNB,-,-,-,-,-,2,v India,Nottingham,6-Jun-09
Rubel Hossain,DNB,-,-,-,-,-,1,v Ireland,Nottingham,8-Jun-09
Rubel Hossain,8*,4,5,1,0,160,1,v West Indies,Basseterre,2-Aug-09
Rubel Hossain,DNB,-,-,-,-,-,2,v West Indies,Dhaka,11-Oct-11
Rubel Hossain,0*,11,5,0,0,0,2,v Pakistan,Dhaka,29-Nov-11
Rubel Hossain,DNB,-,-,-,-,-,2,v West Indies,Dhaka,10-Dec-12
Rubel Hossain,DNB,-,-,-,-,-,2,v Sri Lanka,Pallekele,31-Mar-13
Rubel Hossain,DNB,-,-,-,-,-,2,v Sri Lanka,Chittagong,12-Feb-14
Rubel Hossain,0*,1,0,0,0,-,1,v Sri Lanka,Chittagong,14-Feb-14
Rubel Hossain,0,2,3,0,0,0,1,v Hong Kong,Chittagong,20-Mar-14
Rubel Hossain,DNB,-,-,-,-,-,1,v West Indies,Basseterre,27-Aug-14
Sabbir Rahman,26,61,36,2,0,72.22,1,v Sri Lanka,Chittagong,14-Feb-14
Sabbir Rahman,DNB,-,-,-,-,-,2,v Afghanistan,Dhaka,16-Mar-14
Sabbir Rahman,21*,39,20,1,1,105,2,v Nepal,Chittagong,18-Mar-14
Sabbir Rahman,2,4,4,0,0,50,1,v Hong Kong,Chittagong,20-Mar-14
Sabbir Rahman,1,5,3,0,0,33.33,2,v West Indies,Dhaka,25-Mar-14
Sabbir Rahman,51*,43,32,7,1,159.37,2,v Pakistan,Dhaka,24-Apr-15
Sabbir Rahman,4,6,7,0,0,57.14,2,v South Africa,Dhaka,5-Jul-15
Sabbir Rahman,1,6,3,0,0,33.33,2,v South Africa,Dhaka,7-Jul-15
Sabbir Rahman,18,24,16,3,0,112.5,2,v Zimbabwe,Dhaka,13-Nov-15
Sabbir Rahman,17,20,18,1,0,94.44,1,v Zimbabwe,Dhaka,15-Nov-15
Sabbir Rahman,46,-,36,4,1,127.77,2,v Zimbabwe,Khulna,15-Jan-16
Sabbir Rahman,43*,66,30,1,3,143.33,1,v Zimbabwe,Khulna,17-Jan-16
Sabbir Rahman,50,46,32,9,0,156.25,2,v Zimbabwe,Khulna,20-Jan-16
Sabbir Rahman,1,7,4,0,0,25,2,v Zimbabwe,Khulna,22-Jan-16
Sabbir Rahman,44,55,32,2,2,137.5,2,v India,Dhaka,24-Feb-16
Sabbir Rahman,6,17,12,0,0,50,1,v U.A.E.,Dhaka,26-Feb-16
Sabbir Rahman,80,65,54,10,3,148.14,1,v Sri Lanka,Dhaka,28-Feb-16
Sabbir Rahman,14,31,15,1,0,93.33,2,v Pakistan,Dhaka,2-Mar-16
Sabbir Rahman,32*,55,29,2,0,110.34,1,v India,Dhaka,6-Mar-16
Sabbir Rahman,15,23,15,1,1,100,1,v Netherlands,Dharamsala,9-Mar-16
Sabbir Rahman,13*,11,9,0,1,144.44,1,v Ireland,Dharamsala,11-Mar-16
Sabbir Rahman,44,44,26,5,1,169.23,1,v Oman,Dharamsala,13-Mar-16
Sabbir Rahman,25,27,19,5,0,131.57,2,v Pakistan,Kolkata,16-Mar-16
Sabbir Rahman,12,18,17,2,0,70.58,1,v Australia,Bangalore,21-Mar-16
Sabbir Rahman,26,31,15,3,1,173.33,2,v India,Bangalore,23-Mar-16
Sabbir Rahman,12,26,18,1,0,66.66,2,v New Zealand,Kolkata,26-Mar-16
Sajedul Islam,DNB,-,-,-,-,-,2,v Zimbabwe,Bulawayo,11-May-13
Saqlain Sajib,DNB,-,-,-,-,-,1,v Australia,Bangalore,21-Mar-16
Shafiul Islam,1,7,9,0,0,11.11,1,v New Zealand,Hamilton,3-Feb-10
Shafiul Islam,DNB,-,-,-,-,-,2,v Pakistan,Gros Islet,1-May-10
Shafiul Islam,16,7,13,1,1,123.07,2,v Australia,Bridgetown,5-May-10
Shafiul Islam,DNB,-,-,-,-,-,2,v West Indies,Dhaka,11-Oct-11
Shafiul Islam,0,1,1,0,0,0,2,v Pakistan,Dhaka,29-Nov-11
Shafiul Islam,1*,1,1,0,0,100,1,v Netherlands,The Hague,26-Jul-12
Shafiul Islam,DNB,-,-,-,-,-,2,v New Zealand,Pallekele,21-Sep-12
Shafiul Islam,DNB,-,-,-,-,-,1,v Pakistan,Pallekele,25-Sep-12
Shafiul Islam,DNB,-,-,-,-,-,2,v West Indies,Dhaka,10-Dec-12
Shafiul Islam,DNB,-,-,-,-,-,2,v Zimbabwe,Bulawayo,11-May-13
Shafiul Islam,DNB,-,-,-,-,-,1,v Zimbabwe,Bulawayo,12-May-13
Shahadat Hossain,3*,3,4,0,0,75,1,v Zimbabwe,Khulna,28-Nov-06
Shahadat Hossain,0,2,1,0,0,0,2,v Pakistan,Karachi,20-Apr-08
Shahadat Hossain,4*,5,4,0,0,100,2,v South Africa,Johannesburg,5-Nov-08
Shahadat Hossain,0*,1,0,0,0,-,2,v India,Nottingham,6-Jun-09
Shahadat Hossain,1,3,3,0,0,33.33,1,v New Zealand,Hamilton,3-Feb-10
Shahadat Hossain,DNB,-,-,-,-,-,2,v Sri Lanka,Pallekele,31-Mar-13
Shahriar Nafees,25,26,17,3,1,147.05,1,v Zimbabwe,Khulna,28-Nov-06
Shamsur Rahman,0,3,1,0,0,0,2,v Sri Lanka,Pallekele,31-Mar-13
Shamsur Rahman,53,61,48,7,1,110.41,2,v Zimbabwe,Bulawayo,11-May-13
Shamsur Rahman,2,3,3,0,0,66.66,1,v Zimbabwe,Bulawayo,12-May-13
Shamsur Rahman,4,1,2,1,0,200,2,v New Zealand,Dhaka,6-Nov-13
Shamsur Rahman,22,28,15,4,0,146.66,2,v Sri Lanka,Chittagong,12-Feb-14
Shamsur Rahman,1,2,3,0,0,33.33,1,v Sri Lanka,Chittagong,14-Feb-14
Shamsur Rahman,0,1,1,0,0,0,1,v India,Dhaka,28-Mar-14
Shamsur Rahman,4,8,12,0,0,33.33,2,v Pakistan,Dhaka,30-Mar-14
Shamsur Rahman,DNB,-,-,-,-,-,1,v West Indies,Basseterre,27-Aug-14
Shakib Al Hasan,26,32,28,2,0,92.85,1,v Zimbabwe,Khulna,28-Nov-06
Shakib Al Hasan,13,9,9,1,0,144.44,2,v West Indies,Johannesburg,13-Sep-07
Shakib Al Hasan,19,22,14,3,0,135.71,1,v South Africa,Cape Town,15-Sep-07
Shakib Al Hasan,16,13,11,1,1,145.45,1,v Australia,Cape Town,16-Sep-07
Shakib Al Hasan,18,30,19,2,0,94.73,2,v Sri Lanka,Johannesburg,18-Sep-07
Shakib Al Hasan,1,2,3,0,0,33.33,1,v Pakistan,Cape Town,20-Sep-07
Shakib Al Hasan,0,1,1,0,0,0,2,v Pakistan,Karachi,20-Apr-08
Shakib Al Hasan,4,6,3,1,0,133.33,2,v South Africa,Johannesburg,5-Nov-08
Shakib Al Hasan,8,7,10,0,0,80,2,v India,Nottingham,6-Jun-09
Shakib Al Hasan,7,3,7,1,0,100,1,v Ireland,Nottingham,8-Jun-09
Shakib Al Hasan,17,12,16,3,0,106.25,1,v West Indies,Basseterre,2-Aug-09
Shakib Al Hasan,3,8,5,0,0,60,1,v New Zealand,Hamilton,3-Feb-10
Shakib Al Hasan,47,-,31,3,2,151.61,2,v Pakistan,Gros Islet,1-May-10
Shakib Al Hasan,28,35,28,0,1,100,2,v Australia,Bridgetown,5-May-10
Shakib Al Hasan,0,1,1,0,0,0,2,v West Indies,Dhaka,11-Oct-11
Shakib Al Hasan,7,17,14,0,0,50,2,v Pakistan,Dhaka,29-Nov-11
Shakib Al Hasan,57,33,33,9,0,172.72,1,v Ireland,Belfast,18-Jul-12
Shakib Al Hasan,11,12,9,2,0,122.22,1,v Ireland,Belfast,20-Jul-12
Shakib Al Hasan,3,6,5,0,0,60,2,v Ireland,Belfast,21-Jul-12
Shakib Al Hasan,31,54,29,1,1,106.89,2,v Scotland,The Hague,24-Jul-12
Shakib Al Hasan,12,13,11,2,0,109.09,2,v Netherlands,The Hague,25-Jul-12
Shakib Al Hasan,0,1,3,0,0,0,1,v Netherlands,The Hague,26-Jul-12
Shakib Al Hasan,11,12,8,2,0,137.5,2,v New Zealand,Pallekele,21-Sep-12
Shakib Al Hasan,84,71,54,11,2,155.55,1,v Pakistan,Pallekele,25-Sep-12
Shakib Al Hasan,65,56,40,8,2,162.5,2,v Zimbabwe,Bulawayo,11-May-13
Shakib Al Hasan,40,33,28,6,1,142.85,1,v Zimbabwe,Bulawayo,12-May-13
Shakib Al Hasan,26,22,17,2,1,152.94,2,v Sri Lanka,Chittagong,12-Feb-14
Shakib Al Hasan,12,7,6,3,0,200,1,v Sri Lanka,Chittagong,14-Feb-14
Shakib Al Hasan,10*,-,12,1,0,83.33,2,v Afghanistan,Dhaka,16-Mar-14
Shakib Al Hasan,37*,23,18,1,4,205.55,2,v Nepal,Chittagong,18-Mar-14
Shakib Al Hasan,34,42,27,6,0,125.92,1,v Hong Kong,Chittagong,20-Mar-14
Shakib Al Hasan,0,1,1,0,0,0,2,v West Indies,Dhaka,25-Mar-14
Shakib Al Hasan,1,3,2,0,0,50,1,v India,Dhaka,28-Mar-14
Shakib Al Hasan,38,44,32,2,2,118.75,2,v Pakistan,Dhaka,30-Mar-14
Shakib Al Hasan,66,72,52,5,3,126.92,1,v Australia,Dhaka,1-Apr-14
Shakib Al Hasan,57*,67,41,9,0,139.02,2,v Pakistan,Dhaka,24-Apr-15
Shakib Al Hasan,26,55,30,1,1,86.66,2,v South Africa,Dhaka,5-Jul-15
Shakib Al Hasan,8,18,14,0,0,57.14,2,v South Africa,Dhaka,7-Jul-15
Shakib Al Hasan,20*,-,13,2,0,153.84,2,v Zimbabwe,Khulna,15-Jan-16
Shakib Al Hasan,27*,19,17,2,1,158.82,1,v Zimbabwe,Khulna,17-Jan-16
Shakib Al Hasan,3,11,10,0,0,30,2,v Zimbabwe,Khulna,20-Jan-16
Shakib Al Hasan,4,2,3,1,0,133.33,2,v Zimbabwe,Khulna,22-Jan-16
Shakib Al Hasan,3,12,8,0,0,37.5,2,v India,Dhaka,24-Feb-16
Shakib Al Hasan,13,24,13,1,0,100,1,v U.A.E.,Dhaka,26-Feb-16
Shakib Al Hasan,32,52,34,3,0,94.11,1,v Sri Lanka,Dhaka,28-Feb-16
Shakib Al Hasan,8,23,13,0,0,61.53,2,v Pakistan,Dhaka,2-Mar-16
Shakib Al Hasan,21,18,16,3,0,131.25,1,v India,Dhaka,6-Mar-16
Shakib Al Hasan,5,9,7,0,0,71.42,1,v Netherlands,Dharamsala,9-Mar-16
Shakib Al Hasan,0*,1,0,0,0,-,1,v Ireland,Dharamsala,11-Mar-16
Shakib Al Hasan,17*,18,9,2,1,188.88,1,v Oman,Dharamsala,13-Mar-16
Shakib Al Hasan,50*,65,40,5,1,125,2,v Pakistan,Kolkata,16-Mar-16
Shakib Al Hasan,33,44,25,3,1,132,1,v Australia,Bangalore,21-Mar-16
Shakib Al Hasan,22,24,15,0,2,146.66,2,v India,Bangalore,23-Mar-16
Shakib Al Hasan,2,6,6,0,0,33.33,2,v New Zealand,Kolkata,26-Mar-16
Shuvagata Hom,6,-,7,0,0,85.71,2,v Zimbabwe,Khulna,15-Jan-16
Shuvagata Hom,DNB,-,-,-,-,-,1,v Zimbabwe,Khulna,17-Jan-16
Shuvagata Hom,13,9,10,1,1,130,1,v Australia,Bangalore,21-Mar-16
Shuvagata Hom,0*,6,1,0,0,0,2,v India,Bangalore,23-Mar-16
Shuvagata Hom,16*,19,17,2,0,94.11,2,v New Zealand,Kolkata,26-Mar-16
Sohag Gazi,DNB,-,-,-,-,-,2,v West Indies,Dhaka,10-Dec-12
Sohag Gazi,9,12,7,1,0,128.57,2,v Sri Lanka,Pallekele,31-Mar-13
Sohag Gazi,2*,17,4,0,0,50,2,v Zimbabwe,Bulawayo,11-May-13
Sohag Gazi,8*,10,7,1,0,114.28,1,v Zimbabwe,Bulawayo,12-May-13
Sohag Gazi,24,22,15,1,1,160,2,v New Zealand,Dhaka,6-Nov-13
Sohag Gazi,0*,6,0,0,0,-,2,v Sri Lanka,Chittagong,12-Feb-14
Sohag Gazi,11,36,20,0,0,55,2,v West Indies,Dhaka,25-Mar-14
Sohag Gazi,DNB,-,-,-,-,-,1,v India,Dhaka,28-Mar-14
Sohag Gazi,DNB,-,-,-,-,-,1,v Australia,Dhaka,1-Apr-14
Sohag Gazi,3,10,6,0,0,50,2,v South Africa,Dhaka,5-Jul-15
Soumya Sarkar,0,3,0,0,0,-,2,v Pakistan,Dhaka,24-Apr-15
Soumya Sarkar,7,9,7,1,0,100,2,v South Africa,Dhaka,5-Jul-15
Soumya Sarkar,37,31,21,6,1,176.19,2,v South Africa,Dhaka,7-Jul-15
Soumya Sarkar,7,-,5,1,0,140,2,v Zimbabwe,Khulna,15-Jan-16
Soumya Sarkar,43,42,33,4,3,130.3,1,v Zimbabwe,Khulna,17-Jan-16
Soumya Sarkar,25,36,21,3,1,119.04,2,v Zimbabwe,Khulna,20-Jan-16
Soumya Sarkar,11,6,7,1,1,157.14,2,v Zimbabwe,Khulna,22-Jan-16
Soumya Sarkar,11,16,14,1,0,78.57,2,v India,Dhaka,24-Feb-16
Soumya Sarkar,21,27,14,2,1,150,1,v U.A.E.,Dhaka,26-Feb-16
Soumya Sarkar,0,7,3,0,0,0,1,v Sri Lanka,Dhaka,28-Feb-16
Soumya Sarkar,48,63,48,5,1,100,2,v Pakistan,Dhaka,2-Mar-16
Soumya Sarkar,14,18,9,3,0,155.55,1,v India,Dhaka,6-Mar-16
Soumya Sarkar,15,15,13,2,0,115.38,1,v Netherlands,Dharamsala,9-Mar-16
Soumya Sarkar,20,22,13,3,0,153.84,1,v Ireland,Dharamsala,11-Mar-16
Soumya Sarkar,12,28,22,2,0,54.54,1,v Oman,Dharamsala,13-Mar-16
Soumya Sarkar,0,2,2,0,0,0,2,v Pakistan,Kolkata,16-Mar-16
Soumya Sarkar,1,6,6,0,0,16.66,1,v Australia,Bangalore,21-Mar-16
Soumya Sarkar,21,24,21,1,1,100,2,v India,Bangalore,23-Mar-16
Soumya Sarkar,6,11,8,0,0,75,2,v New Zealand,Kolkata,26-Mar-16
Suhrawadi Shuvo,1*,-,3,0,0,33.33,2,v Pakistan,Gros Islet,1-May-10
Syed Rasel,DNB,-,-,-,-,-,2,v Kenya,Nairobi (Gym),1-Sep-07
Syed Rasel,DNB,-,-,-,-,-,2,v Pakistan,Nairobi (Gym),2-Sep-07
Syed Rasel,DNB,-,-,-,-,-,2,v West Indies,Johannesburg,13-Sep-07
Syed Rasel,6,5,3,1,0,200,1,v South Africa,Cape Town,15-Sep-07
Syed Rasel,DNB,-,-,-,-,-,1,v Australia,Cape Town,16-Sep-07
Syed Rasel,0*,1,0,0,0,-,2,v Sri Lanka,Johannesburg,18-Sep-07
Syed Rasel,1,5,6,0,0,16.66,1,v Pakistan,Cape Town,20-Sep-07
Syed Rasel,DNB,-,-,-,-,-,2,v South Africa,Johannesburg,5-Nov-08
Tamim Iqbal,11,-,12,2,0,91.66,2,v Kenya,Nairobi (Gym),1-Sep-07
Tamim Iqbal,1,-,4,0,0,25,2,v Pakistan,Nairobi (Gym),2-Sep-07
Tamim Iqbal,10,17,13,2,0,76.92,2,v West Indies,Johannesburg,13-Sep-07
Tamim Iqbal,8,9,7,2,0,114.28,1,v South Africa,Cape Town,15-Sep-07
Tamim Iqbal,32,44,40,3,0,80,1,v Australia,Cape Town,16-Sep-07
Tamim Iqbal,3,15,10,0,0,30,2,v Sri Lanka,Johannesburg,18-Sep-07
Tamim Iqbal,3,13,8,0,0,37.5,1,v Pakistan,Cape Town,20-Sep-07
Tamim Iqbal,23,28,17,4,0,135.29,2,v Pakistan,Karachi,20-Apr-08
Tamim Iqbal,25,36,24,4,0,104.16,2,v South Africa,Johannesburg,5-Nov-08
Tamim Iqbal,15,10,10,3,0,150,2,v India,Nottingham,6-Jun-09
Tamim Iqbal,22,38,28,2,0,78.57,1,v Ireland,Nottingham,8-Jun-09
Tamim Iqbal,7,12,6,1,0,116.66,1,v West Indies,Basseterre,2-Aug-09
Tamim Iqbal,14,9,9,3,0,155.55,1,v New Zealand,Hamilton,3-Feb-10
Tamim Iqbal,19,-,18,3,0,105.55,2,v Pakistan,Gros Islet,1-May-10
Tamim Iqbal,11,14,14,2,0,78.57,2,v West Indies,Dhaka,11-Oct-11
Tamim Iqbal,31,46,31,3,0,100,1,v Ireland,Belfast,18-Jul-12
Tamim Iqbal,0,13,9,0,0,0,1,v Ireland,Belfast,20-Jul-12
Tamim Iqbal,39,39,37,6,0,105.4,2,v Ireland,Belfast,21-Jul-12
Tamim Iqbal,26,18,22,2,0,118.18,2,v Scotland,The Hague,24-Jul-12
Tamim Iqbal,69*,69,53,5,2,130.18,2,v Netherlands,The Hague,25-Jul-12
Tamim Iqbal,50,70,46,2,1,108.69,1,v Netherlands,The Hague,26-Jul-12
Tamim Iqbal,0,3,3,0,0,0,2,v New Zealand,Pallekele,21-Sep-12
Tamim Iqbal,24,28,12,5,0,200,1,v Pakistan,Pallekele,25-Sep-12
Tamim Iqbal,88*,90,61,10,2,144.26,2,v West Indies,Dhaka,10-Dec-12
Tamim Iqbal,2,1,2,0,0,100,2,v Zimbabwe,Bulawayo,11-May-13
Tamim Iqbal,43,45,30,6,1,143.33,1,v Zimbabwe,Bulawayo,12-May-13
Tamim Iqbal,30,35,25,6,0,120,2,v Sri Lanka,Chittagong,12-Feb-14
Tamim Iqbal,2,4,4,0,0,50,1,v Sri Lanka,Chittagong,14-Feb-14
Tamim Iqbal,21,-,27,2,0,77.77,2,v Afghanistan,Dhaka,16-Mar-14
Tamim Iqbal,30,32,22,2,1,136.36,2,v Nepal,Chittagong,18-Mar-14
Tamim Iqbal,0,2,2,0,0,0,1,v Hong Kong,Chittagong,20-Mar-14
Tamim Iqbal,5,10,10,1,0,50,2,v West Indies,Dhaka,25-Mar-14
Tamim Iqbal,6,14,10,1,0,60,1,v India,Dhaka,28-Mar-14
Tamim Iqbal,16,17,15,2,0,106.66,2,v Pakistan,Dhaka,30-Mar-14
Tamim Iqbal,5,16,11,0,0,45.45,1,v Australia,Dhaka,1-Apr-14
Tamim Iqbal,11*,20,9,1,0,122.22,1,v West Indies,Basseterre,27-Aug-14
Tamim Iqbal,14,11,10,2,1,140,2,v Pakistan,Dhaka,24-Apr-15
Tamim Iqbal,5,4,4,1,0,125,2,v South Africa,Dhaka,5-Jul-15
Tamim Iqbal,13,25,18,1,0,72.22,2,v South Africa,Dhaka,7-Jul-15
Tamim Iqbal,31,53,28,3,0,110.71,2,v Zimbabwe,Dhaka,13-Nov-15
Tamim Iqbal,21,19,15,1,2,140,1,v Zimbabwe,Dhaka,15-Nov-15
Tamim Iqbal,29,-,24,3,1,120.83,2,v Zimbabwe,Khulna,15-Jan-16
Tamim Iqbal,23,26,17,3,1,135.29,1,v Zimbabwe,Khulna,17-Jan-16
Tamim Iqbal,1,12,2,0,0,50,2,v Zimbabwe,Khulna,22-Jan-16
Tamim Iqbal,7,7,4,0,1,175,2,v Pakistan,Dhaka,2-Mar-16
Tamim Iqbal,13,22,17,2,0,76.47,1,v India,Dhaka,6-Mar-16
Tamim Iqbal,83*,91,58,6,3,143.1,1,v Netherlands,Dharamsala,9-Mar-16
Tamim Iqbal,47,34,26,3,4,180.76,1,v Ireland,Dharamsala,11-Mar-16
Tamim Iqbal,103*,91,63,10,5,163.49,1,v Oman,Dharamsala,13-Mar-16
Tamim Iqbal,24,40,20,0,2,120,2,v Pakistan,Kolkata,16-Mar-16
Tamim Iqbal,35,32,32,5,0,109.37,2,v India,Bangalore,23-Mar-16
Tamim Iqbal,3,8,8,0,0,37.5,2,v New Zealand,Kolkata,26-Mar-16
Taskin Ahmed,DNB,-,-,-,-,-,1,v Australia,Dhaka,1-Apr-14
Taskin Ahmed,DNB,-,-,-,-,-,1,v West Indies,Basseterre,27-Aug-14
Taskin Ahmed,DNB,-,-,-,-,-,2,v Pakistan,Dhaka,24-Apr-15
Taskin Ahmed,1*,2,1,0,0,100,2,v Zimbabwe,Khulna,22-Jan-16
Taskin Ahmed,15*,13,15,1,1,100,2,v India,Dhaka,24-Feb-16
Taskin Ahmed,1,7,2,0,0,50,1,v U.A.E.,Dhaka,26-Feb-16
Taskin Ahmed,DNB,-,-,-,-,-,1,v Sri Lanka,Dhaka,28-Feb-16
Taskin Ahmed,DNB,-,-,-,-,-,2,v Pakistan,Dhaka,2-Mar-16
Taskin Ahmed,DNB,-,-,-,-,-,1,v India,Dhaka,6-Mar-16
Taskin Ahmed,DNB,-,-,-,-,-,1,v Netherlands,Dharamsala,9-Mar-16
Taskin Ahmed,DNB,-,-,-,-,-,1,v Ireland,Dharamsala,11-Mar-16
Taskin Ahmed,DNB,-,-,-,-,-,1,v Oman,Dharamsala,13-Mar-16
Taskin Ahmed,DNB,-,-,-,-,-,2,v Pakistan,Kolkata,16-Mar-16
Ziaur Rahman,40*,25,17,0,5,235.29,1,v Ireland,Belfast,18-Jul-12
Ziaur Rahman,14,10,7,1,1,200,1,v Ireland,Belfast,20-Jul-12
Ziaur Rahman,0,1,1,0,0,0,2,v Ireland,Belfast,21-Jul-12
Ziaur Rahman,9,7,8,0,1,112.5,2,v Scotland,The Hague,24-Jul-12
Ziaur Rahman,DNB,-,-,-,-,-,2,v Netherlands,The Hague,25-Jul-12
Ziaur Rahman,22,20,17,2,1,129.41,1,v Netherlands,The Hague,26-Jul-12
Ziaur Rahman,14*,29,16,0,1,87.5,2,v New Zealand,Pallekele,21-Sep-12
Ziaur Rahman,1*,2,1,0,0,100,1,v Pakistan,Pallekele,25-Sep-12
Ziaur Rahman,DNB,-,-,-,-,-,2,v West Indies,Dhaka,10-Dec-12
Ziaur Rahman,2,8,7,0,0,28.57,2,v Zimbabwe,Bulawayo,11-May-13
Ziaur Rahman,6,5,2,0,1,300,2,v New Zealand,Dhaka,6-Nov-13
Ziaur Rahman,9,17,13,0,0,69.23,2,v West Indies,Dhaka,25-Mar-14
Ziaur Rahman,0,1,1,0,0,0,1,v India,Dhaka,28-Mar-14
Ziaur Rahman,0,5,1,0,0,0,2,v Pakistan,Dhaka,30-Mar-14
