Player,Runs,Mins,BF,4s,6s,SR,Inns,Opposition,Ground,Start Date,BP
Abdur Razzak,0,5,2,0,0,0,1,v Zimbabwe,Khulna,28-Nov-06,0
Abdur Razzak,DNB,-,-,-,-,-,2,v Kenya,Nairobi (Gym),1-Sep-07,0
Abdur Razzak,DNB,-,-,-,-,-,2,v Pakistan,Nairobi (Gym),2-Sep-07,0
Abdur Razzak,DNB,-,-,-,-,-,2,v West Indies,Johannesburg,13-Sep-07,0
Abdur Razzak,2*,10,6,0,0,33.33,1,v South Africa,Cape Town,15-Sep-07,0.666666667
Abdur Razzak,0*,2,0,0,0,-,1,v Australia,Cape Town,16-Sep-07,0
Abdur Razzak,5,10,12,0,0,41.66,2,v Sri Lanka,Johannesburg,18-Sep-07,2.083333333
Abdur Razzak,0,1,1,0,0,0,1,v Pakistan,Cape Town,20-Sep-07,0
Abdur Razzak,1*,5,3,0,0,33.33,2,v Pakistan,Karachi,20-Apr-08,0.333333333
Abdur Razzak,0,2,2,0,0,0,2,v South Africa,Johannesburg,5-Nov-08,0
Abdur Razzak,0*,4,0,0,0,-,1,v Ireland,Nottingham,8-Jun-09,0
Abdur Razzak,DNB,-,-,-,-,-,2,v Pakistan,Gros Islet,1-May-10,0
Abdur Razzak,3*,6,8,0,0,37.5,2,v Australia,Bridgetown,5-May-10,1.125
Abdur Razzak,1*,2,1,0,0,100,2,v West Indies,Dhaka,11-Oct-11,1
Abdur Razzak,9,10,9,1,0,100,2,v Pakistan,Dhaka,29-Nov-11,9
Abdur Razzak,DNB,-,-,-,-,-,1,v Ireland,Belfast,18-Jul-12,0
Abdur Razzak,DNB,-,-,-,-,-,1,v Ireland,Belfast,20-Jul-12,0
Abdur Razzak,3*,9,4,0,0,75,2,v Ireland,Belfast,21-Jul-12,2.25
Abdur Razzak,1,2,2,0,0,50,2,v Scotland,The Hague,24-Jul-12,0.5
Abdur Razzak,DNB,-,-,-,-,-,2,v Netherlands,The Hague,25-Jul-12,0
Abdur Razzak,2,3,2,0,0,100,1,v Netherlands,The Hague,26-Jul-12,2
Abdur Razzak,0*,5,2,0,0,0,2,v New Zealand,Pallekele,21-Sep-12,0
Abdur Razzak,DNB,-,-,-,-,-,1,v Pakistan,Pallekele,25-Sep-12,0
Abdur Razzak,DNB,-,-,-,-,-,2,v West Indies,Dhaka,10-Dec-12,0
Abdur Razzak,6*,12,8,0,0,75,2,v Sri Lanka,Pallekele,31-Mar-13,4.5
Abdur Razzak,2,4,4,0,0,50,2,v Zimbabwe,Bulawayo,11-May-13,1
Abdur Razzak,6*,9,6,0,0,100,1,v Zimbabwe,Bulawayo,12-May-13,6
Abdur Razzak,0,4,1,0,0,0,2,v New Zealand,Dhaka,6-Nov-13,0
Abdur Razzak,DNB,-,-,-,-,-,2,v Afghanistan,Dhaka,16-Mar-14,0
Abdur Razzak,DNB,-,-,-,-,-,2,v Nepal,Chittagong,18-Mar-14,0
Abdur Razzak,0,1,1,0,0,0,1,v Hong Kong,Chittagong,20-Mar-14,0
Abdur Razzak,DNB,-,-,-,-,-,2,v Pakistan,Dhaka,30-Mar-14,0
Abdur Razzak,DNB,-,-,-,-,-,1,v Australia,Dhaka,1-Apr-14,0
Abdur Razzak,DNB,-,-,-,-,-,1,v West Indies,Basseterre,27-Aug-14,0
Abul Hasan,DNB,-,-,-,-,-,1,v Ireland,Belfast,18-Jul-12,0
Abul Hasan,DNB,-,-,-,-,-,1,v Ireland,Belfast,20-Jul-12,0
Abul Hasan,9,15,8,1,0,112.5,2,v Scotland,The Hague,24-Jul-12,10.125
Abul Hasan,DNB,-,-,-,-,-,1,v Pakistan,Pallekele,25-Sep-12,0
Abu Hider,DNB,-,-,-,-,-,2,v Zimbabwe,Khulna,20-Jan-16,0
Abu Hider,14,20,10,1,1,140,2,v Zimbabwe,Khulna,22-Jan-16,19.6
Abu Hider,DNB,-,-,-,-,-,1,v India,Dhaka,6-Mar-16,0
Abu Hider,DNB,-,-,-,-,-,1,v Ireland,Dharamsala,11-Mar-16,0
Abu Hider,DNB,-,-,-,-,-,1,v Oman,Dharamsala,13-Mar-16,0
Aftab Ahmed,28,28,19,4,1,147.36,1,v Zimbabwe,Khulna,28-Nov-06,41.26315789
Aftab Ahmed,17,-,6,2,1,283.33,2,v Kenya,Nairobi (Gym),1-Sep-07,48.16666667
Aftab Ahmed,5,-,6,1,0,83.33,2,v Pakistan,Nairobi (Gym),2-Sep-07,4.166666667
Aftab Ahmed,62*,74,49,8,1,126.53,2,v West Indies,Johannesburg,13-Sep-07,78.44897959
Aftab Ahmed,36,15,14,5,2,257.14,1,v South Africa,Cape Town,15-Sep-07,92.57142857
Aftab Ahmed,31,51,34,2,0,91.17,1,v Australia,Cape Town,16-Sep-07,28.26470588
Aftab Ahmed,18,13,11,3,0,163.63,2,v Sri Lanka,Johannesburg,18-Sep-07,29.45454545
Aftab Ahmed,15,26,17,0,0,88.23,1,v Pakistan,Cape Town,20-Sep-07,13.23529412
Aftab Ahmed,3,7,5,0,0,60,2,v Pakistan,Karachi,20-Apr-08,1.8
Aftab Ahmed,12,14,14,1,1,85.71,1,v New Zealand,Hamilton,3-Feb-10,10.28571429
Aftab Ahmed,1,12,3,0,0,33.33,2,v Australia,Bridgetown,5-May-10,0.333333333
Alok Kapali,17*,-,19,1,0,89.47,2,v Kenya,Nairobi (Gym),1-Sep-07,15.21052632
Alok Kapali,19,-,11,2,1,172.72,2,v Pakistan,Nairobi (Gym),2-Sep-07,32.81818182
Alok Kapali,5*,6,7,0,0,71.42,2,v West Indies,Johannesburg,13-Sep-07,3.571428571
Alok Kapali,14,45,35,0,0,40,1,v South Africa,Cape Town,15-Sep-07,5.6
Alok Kapali,0,1,1,0,0,0,1,v Australia,Cape Town,16-Sep-07,0
Alok Kapali,2,6,9,0,0,22.22,2,v West Indies,Dhaka,11-Oct-11,0.444444444
Alok Kapali,0,4,3,0,0,0,2,v Pakistan,Dhaka,29-Nov-11,0
Al-Amin Hossain,5*,3,3,1,0,166.66,2,v New Zealand,Dhaka,6-Nov-13,8.333333333
Al-Amin Hossain,DNB,-,-,-,-,-,2,v Afghanistan,Dhaka,16-Mar-14,0
Al-Amin Hossain,DNB,-,-,-,-,-,2,v Nepal,Chittagong,18-Mar-14,0
Al-Amin Hossain,1,8,5,0,0,20,1,v Hong Kong,Chittagong,20-Mar-14,0.2
Al-Amin Hossain,0*,3,0,0,0,-,2,v West Indies,Dhaka,25-Mar-14,0
Al-Amin Hossain,DNB,-,-,-,-,-,1,v India,Dhaka,28-Mar-14,0
Al-Amin Hossain,DNB,-,-,-,-,-,2,v Pakistan,Dhaka,30-Mar-14,0
Al-Amin Hossain,DNB,-,-,-,-,-,1,v Australia,Dhaka,1-Apr-14,0
Al-Amin Hossain,DNB,-,-,-,-,-,1,v West Indies,Basseterre,27-Aug-14,0
Al-Amin Hossain,DNB,-,-,-,-,-,2,v Zimbabwe,Dhaka,13-Nov-15,0
Al-Amin Hossain,1*,1,2,0,0,50,1,v Zimbabwe,Dhaka,15-Nov-15,0.5
Al-Amin Hossain,DNB,-,-,-,-,-,2,v Zimbabwe,Khulna,15-Jan-16,0
Al-Amin Hossain,DNB,-,-,-,-,-,1,v Zimbabwe,Khulna,17-Jan-16,0
Al-Amin Hossain,DNB,-,-,-,-,-,2,v India,Dhaka,24-Feb-16,0
Al-Amin Hossain,DNB,-,-,-,-,-,1,v U.A.E.,Dhaka,26-Feb-16,0
Al-Amin Hossain,DNB,-,-,-,-,-,1,v Sri Lanka,Dhaka,28-Feb-16,0
Al-Amin Hossain,DNB,-,-,-,-,-,2,v Pakistan,Dhaka,2-Mar-16,0
Al-Amin Hossain,DNB,-,-,-,-,-,1,v India,Dhaka,6-Mar-16,0
Al-Amin Hossain,DNB,-,-,-,-,-,1,v Netherlands,Dharamsala,9-Mar-16,0
Al-Amin Hossain,DNB,-,-,-,-,-,1,v Ireland,Dharamsala,11-Mar-16,0
Al-Amin Hossain,DNB,-,-,-,-,-,1,v Oman,Dharamsala,13-Mar-16,0
Al-Amin Hossain,DNB,-,-,-,-,-,2,v Pakistan,Kolkata,16-Mar-16,0
Al-Amin Hossain,DNB,-,-,-,-,-,1,v Australia,Bangalore,21-Mar-16,0
Al-Amin Hossain,DNB,-,-,-,-,-,2,v India,Bangalore,23-Mar-16,0
Al-Amin Hossain,0,3,2,0,0,0,2,v New Zealand,Kolkata,26-Mar-16,0
Anamul Haque,22,21,12,3,1,183.33,2,v West Indies,Dhaka,10-Dec-12,40.33333333
Anamul Haque,58,69,45,7,0,128.88,2,v Sri Lanka,Chittagong,12-Feb-14,74.75555556
Anamul Haque,24,21,17,2,2,141.17,1,v Sri Lanka,Chittagong,14-Feb-14,33.88235294
Anamul Haque,44*,-,33,4,3,133.33,2,v Afghanistan,Dhaka,16-Mar-14,58.66666667
Anamul Haque,42,48,33,5,2,127.27,2,v Nepal,Chittagong,18-Mar-14,53.45454545
Anamul Haque,26,30,17,3,1,152.94,1,v Hong Kong,Chittagong,20-Mar-14,39.76470588
Anamul Haque,10,14,7,2,0,142.85,2,v West Indies,Dhaka,25-Mar-14,14.28571429
Anamul Haque,44,49,43,5,2,102.32,1,v India,Dhaka,28-Mar-14,45.02325581
Anamul Haque,18,23,16,3,0,112.5,2,v Pakistan,Dhaka,30-Mar-14,20.25
Anamul Haque,0,8,6,0,0,0,1,v Australia,Dhaka,1-Apr-14,0
Anamul Haque,19*,20,19,1,1,100,1,v West Indies,Basseterre,27-Aug-14,19
Anamul Haque,1,5,2,0,0,50,2,v Zimbabwe,Dhaka,13-Nov-15,0.5
Anamul Haque,47,70,51,3,0,92.15,1,v Zimbabwe,Dhaka,15-Nov-15,43.31372549
Arafat Sunny,DNB,-,-,-,-,-,2,v Sri Lanka,Chittagong,12-Feb-14,0
Arafat Sunny,5,11,6,1,0,83.33,1,v Sri Lanka,Chittagong,14-Feb-14,4.166666667
Arafat Sunny,DNB,-,-,-,-,-,2,v Pakistan,Dhaka,24-Apr-15,0
Arafat Sunny,1*,8,2,0,0,50,2,v South Africa,Dhaka,5-Jul-15,0.5
Arafat Sunny,5*,11,5,0,0,100,2,v South Africa,Dhaka,7-Jul-15,5
Arafat Sunny,5,7,8,0,0,62.5,1,v Zimbabwe,Dhaka,15-Nov-15,3.125
Arafat Sunny,10,8,5,2,0,200,2,v Zimbabwe,Khulna,22-Jan-16,20
Arafat Sunny,DNB,-,-,-,-,-,2,v Pakistan,Dhaka,2-Mar-16,0
Arafat Sunny,8*,5,4,0,1,200,1,v Netherlands,Dharamsala,9-Mar-16,16
Arafat Sunny,DNB,-,-,-,-,-,2,v Pakistan,Kolkata,16-Mar-16,0
Dhiman Ghosh,1,1,2,0,0,50,2,v Pakistan,Karachi,20-Apr-08,0.5
Elias Sunny,DNB,-,-,-,-,-,1,v Ireland,Belfast,18-Jul-12,0
Elias Sunny,DNB,-,-,-,-,-,1,v Ireland,Belfast,20-Jul-12,0
Elias Sunny,2*,4,2,0,0,100,2,v Ireland,Belfast,21-Jul-12,2
Elias Sunny,1*,6,3,0,0,33.33,2,v Scotland,The Hague,24-Jul-12,0.333333333
Elias Sunny,DNB,-,-,-,-,-,2,v Netherlands,The Hague,25-Jul-12,0
Elias Sunny,1,3,1,0,0,100,1,v Netherlands,The Hague,26-Jul-12,1
Elias Sunny,5,5,3,1,0,166.66,2,v New Zealand,Pallekele,21-Sep-12,8.333333333
Farhad Reza,7,4,5,1,0,140,1,v Zimbabwe,Khulna,28-Nov-06,9.8
Farhad Reza,DNB,-,-,-,-,-,2,v Kenya,Nairobi (Gym),1-Sep-07,0
Farhad Reza,18,-,14,2,0,128.57,2,v Pakistan,Nairobi (Gym),2-Sep-07,23.14285714
Farhad Reza,DNB,-,-,-,-,-,2,v West Indies,Johannesburg,13-Sep-07,0
Farhad Reza,19,24,21,0,2,90.47,1,v South Africa,Cape Town,15-Sep-07,17.19047619
Farhad Reza,4,13,13,0,0,30.76,1,v Australia,Cape Town,16-Sep-07,1.230769231
Farhad Reza,2,8,4,0,0,50,2,v Pakistan,Karachi,20-Apr-08,1
Farhad Reza,6,6,10,0,0,60,2,v Pakistan,Dhaka,29-Nov-11,3.6
Farhad Reza,7,12,5,1,0,140,2,v Sri Lanka,Chittagong,12-Feb-14,9.8
Farhad Reza,9,15,14,0,0,64.28,1,v Sri Lanka,Chittagong,14-Feb-14,5.785714286
Farhad Reza,DNB,-,-,-,-,-,2,v Afghanistan,Dhaka,16-Mar-14,0
Farhad Reza,DNB,-,-,-,-,-,2,v Nepal,Chittagong,18-Mar-14,0
Farhad Reza,0,4,2,0,0,0,1,v Hong Kong,Chittagong,20-Mar-14,0
Imrul Kayes,0,-,2,0,0,0,2,v Pakistan,Gros Islet,1-May-10,0
Imrul Kayes,0,2,6,0,0,0,2,v Australia,Bridgetown,5-May-10,0
Imrul Kayes,22,33,21,3,1,104.76,2,v West Indies,Dhaka,11-Oct-11,23.04761905
Imrul Kayes,2,24,8,0,0,25,2,v Pakistan,Dhaka,29-Nov-11,0.5
Imrul Kayes,10,27,11,2,0,90.9,1,v Zimbabwe,Dhaka,15-Nov-15,9.090909091
Imrul Kayes,1,3,3,0,0,33.33,2,v Zimbabwe,Khulna,20-Jan-16,0.333333333
Imrul Kayes,18,23,14,2,1,128.57,2,v Zimbabwe,Khulna,22-Jan-16,23.14285714
Imrul Kayes,14,29,24,1,0,58.33,2,v India,Dhaka,24-Feb-16,8.166666667
Jahurul Islam,18,17,12,1,1,150,2,v Australia,Bridgetown,5-May-10,27
Jahurul Islam,2,2,2,0,0,100,1,v Netherlands,The Hague,26-Jul-12,2
Jahurul Islam,11,10,9,2,0,122.22,2,v Sri Lanka,Pallekele,31-Mar-13,13.44444444
Jubair Hossain,DNB,-,-,-,-,-,2,v Zimbabwe,Dhaka,13-Nov-15,0
Junaid Siddique,71,57,49,6,3,144.89,1,v Pakistan,Cape Town,20-Sep-07,102.877551
Junaid Siddique,4,15,2,1,0,200,2,v South Africa,Johannesburg,5-Nov-08,8
Junaid Siddique,41,37,22,2,3,186.36,2,v India,Nottingham,6-Jun-09,76.40909091
Junaid Siddique,13,5,5,3,0,260,1,v Ireland,Nottingham,8-Jun-09,33.8
Junaid Siddique,5,7,6,1,0,83.33,1,v West Indies,Basseterre,2-Aug-09,4.166666667
Junaid Siddique,25,24,20,3,1,125,2,v Netherlands,The Hague,25-Jul-12,31.25
Junaid Siddique,0,2,4,0,0,0,1,v Netherlands,The Hague,26-Jul-12,0
Liton Das,22,33,26,0,1,84.61,2,v South Africa,Dhaka,5-Jul-15,18.61538462
Liton Das,10,11,7,1,0,142.85,2,v South Africa,Dhaka,7-Jul-15,14.28571429
Liton Das,17,22,12,2,0,141.66,2,v Zimbabwe,Dhaka,13-Nov-15,24.08333333
Mahmudullah,2,-,8,0,0,25,2,v Kenya,Nairobi (Gym),1-Sep-07,0.5
Mahmudullah,9,-,15,1,0,60,2,v Pakistan,Nairobi (Gym),2-Sep-07,5.4
Mahmudullah,16,29,16,0,1,100,2,v Sri Lanka,Johannesburg,18-Sep-07,16
Mahmudullah,1,5,1,0,0,100,1,v Pakistan,Cape Town,20-Sep-07,1
Mahmudullah,2,8,5,0,0,40,2,v Pakistan,Karachi,20-Apr-08,0.8
Mahmudullah,8,15,13,0,0,61.53,2,v India,Nottingham,6-Jun-09,4.923076923
Mahmudullah,7,14,10,0,0,70,1,v Ireland,Nottingham,8-Jun-09,4.9
Mahmudullah,21,39,27,2,0,77.77,1,v West Indies,Basseterre,2-Aug-09,16.33333333
Mahmudullah,11,19,23,1,0,47.82,1,v New Zealand,Hamilton,3-Feb-10,5.260869565
Mahmudullah,0,-,3,0,0,0,2,v Pakistan,Gros Islet,1-May-10,0
Mahmudullah,2,2,3,0,0,66.66,2,v Australia,Bridgetown,5-May-10,1.333333333
Mahmudullah,2,6,5,0,0,40,2,v Pakistan,Dhaka,29-Nov-11,0.8
Mahmudullah,23,17,15,1,2,153.33,1,v Ireland,Belfast,18-Jul-12,35.26666667
Mahmudullah,3,5,4,0,0,75,1,v Ireland,Belfast,20-Jul-12,2.25
Mahmudullah,9,9,8,0,1,112.5,2,v Ireland,Belfast,21-Jul-12,10.125
Mahmudullah,9,11,8,1,0,112.5,2,v Scotland,The Hague,24-Jul-12,10.125
Mahmudullah,DNB,-,-,-,-,-,2,v Netherlands,The Hague,25-Jul-12,0
Mahmudullah,41,29,31,6,0,132.25,1,v Netherlands,The Hague,26-Jul-12,54.22580645
Mahmudullah,15,35,19,0,1,78.94,2,v New Zealand,Pallekele,21-Sep-12,11.84210526
Mahmudullah,0,3,2,0,0,0,1,v Pakistan,Pallekele,25-Sep-12,0
Mahmudullah,64*,68,48,3,4,133.33,2,v West Indies,Dhaka,10-Dec-12,85.33333333
Mahmudullah,31,27,18,3,1,172.22,2,v Sri Lanka,Pallekele,31-Mar-13,53.38888889
Mahmudullah,2,5,2,0,0,100,2,v Zimbabwe,Bulawayo,11-May-13,2
Mahmudullah,1,6,4,0,0,25,1,v Zimbabwe,Bulawayo,12-May-13,0.25
Mahmudullah,34,30,25,0,3,136,2,v New Zealand,Dhaka,6-Nov-13,46.24
Mahmudullah,9,11,10,1,0,90,1,v Sri Lanka,Chittagong,14-Feb-14,8.1
Mahmudullah,DNB,-,-,-,-,-,2,v Afghanistan,Dhaka,16-Mar-14,0
Mahmudullah,DNB,-,-,-,-,-,2,v Nepal,Chittagong,18-Mar-14,0
Mahmudullah,2,5,3,0,0,66.66,1,v Hong Kong,Chittagong,20-Mar-14,1.333333333
Mahmudullah,1,4,3,0,0,33.33,2,v West Indies,Dhaka,25-Mar-14,0.333333333
Mahmudullah,33*,27,23,5,1,143.47,1,v India,Dhaka,28-Mar-14,47.34782609
Mahmudullah,17*,22,12,0,1,141.66,2,v Pakistan,Dhaka,30-Mar-14,24.08333333
Mahmudullah,6*,20,7,0,0,85.71,1,v Australia,Dhaka,1-Apr-14,5.142857143
Mahmudullah,DNB,-,-,-,-,-,1,v West Indies,Basseterre,27-Aug-14,0
Mahmudullah,DNB,-,-,-,-,-,2,v Pakistan,Dhaka,24-Apr-15,0
Mahmudullah,22*,38,21,2,0,104.76,2,v Zimbabwe,Dhaka,13-Nov-15,23.04761905
Mahmudullah,8,2,4,2,0,200,1,v Zimbabwe,Dhaka,15-Nov-15,16
Mahmudullah,7,-,3,0,1,233.33,2,v Zimbabwe,Khulna,15-Jan-16,16.33333333
Mahmudullah,1,3,3,0,0,33.33,1,v Zimbabwe,Khulna,17-Jan-16,0.333333333
Mahmudullah,6,6,4,0,0,150,2,v Zimbabwe,Khulna,20-Jan-16,9
Mahmudullah,54,61,41,5,2,131.7,2,v Zimbabwe,Khulna,22-Jan-16,71.12195122
Mahmudullah,7,9,6,1,0,116.66,2,v India,Dhaka,24-Feb-16,8.166666667
Mahmudullah,36*,36,27,1,2,133.33,1,v U.A.E.,Dhaka,26-Feb-16,48
Mahmudullah,23*,23,12,2,1,191.66,1,v Sri Lanka,Dhaka,28-Feb-16,44.08333333
Mahmudullah,22*,33,15,2,1,146.66,2,v Pakistan,Dhaka,2-Mar-16,32.26666667
Mahmudullah,33*,18,13,2,2,253.84,1,v India,Dhaka,6-Mar-16,83.76923077
Mahmudullah,10,16,9,1,0,111.11,1,v Netherlands,Dharamsala,9-Mar-16,11.11111111
Mahmudullah,DNB,-,-,-,-,-,1,v Ireland,Dharamsala,11-Mar-16,0
Mahmudullah,DNB,-,-,-,-,-,1,v Oman,Dharamsala,13-Mar-16,0
Mahmudullah,4,8,5,0,0,80,2,v Pakistan,Kolkata,16-Mar-16,3.2
Mahmudullah,49*,38,29,7,1,168.96,1,v Australia,Bangalore,21-Mar-16,82.79310345
Mahmudullah,18,48,22,1,0,81.81,2,v India,Bangalore,23-Mar-16,14.72727273
Mahmudullah,5,14,8,0,0,62.5,2,v New Zealand,Kolkata,26-Mar-16,3.125
Mashrafe Mortaza,36,31,26,2,2,138.46,1,v Zimbabwe,Khulna,28-Nov-06,49.84615385
Mashrafe Mortaza,7*,-,6,0,1,116.66,2,v Kenya,Nairobi (Gym),1-Sep-07,8.166666667
Mashrafe Mortaza,10*,-,14,0,0,71.42,2,v Pakistan,Nairobi (Gym),2-Sep-07,7.142857143
Mashrafe Mortaza,DNB,-,-,-,-,-,2,v West Indies,Johannesburg,13-Sep-07,0
Mashrafe Mortaza,12,13,8,0,2,150,1,v South Africa,Cape Town,15-Sep-07,18
Mashrafe Mortaza,0,1,1,0,0,0,1,v Australia,Cape Town,16-Sep-07,0
Mashrafe Mortaza,12,11,12,2,0,100,2,v Sri Lanka,Johannesburg,18-Sep-07,12
Mashrafe Mortaza,11,14,14,0,0,78.57,1,v Pakistan,Cape Town,20-Sep-07,8.642857143
Mashrafe Mortaza,2,6,4,0,0,50,2,v Pakistan,Karachi,20-Apr-08,1
Mashrafe Mortaza,11,6,8,0,1,137.5,2,v India,Nottingham,6-Jun-09,15.125
Mashrafe Mortaza,33*,19,16,1,2,206.25,1,v Ireland,Nottingham,8-Jun-09,68.0625
Mashrafe Mortaza,1,-,3,0,0,33.33,2,v Pakistan,Gros Islet,1-May-10,0.333333333
Mashrafe Mortaza,6,10,5,1,0,120,2,v Australia,Bridgetown,5-May-10,7.2
Mashrafe Mortaza,DNB,-,-,-,-,-,1,v Ireland,Belfast,18-Jul-12,0
Mashrafe Mortaza,5*,9,4,0,0,125,1,v Ireland,Belfast,20-Jul-12,6.25
Mashrafe Mortaza,30,16,13,0,4,230.76,2,v Ireland,Belfast,21-Jul-12,69.23076923
Mashrafe Mortaza,15,15,9,0,2,166.66,2,v Scotland,The Hague,24-Jul-12,25
Mashrafe Mortaza,DNB,-,-,-,-,-,2,v Netherlands,The Hague,25-Jul-12,0
Mashrafe Mortaza,5,6,3,1,0,166.66,2,v New Zealand,Pallekele,21-Sep-12,8.333333333
Mashrafe Mortaza,DNB,-,-,-,-,-,1,v Pakistan,Pallekele,25-Sep-12,0
Mashrafe Mortaza,7*,12,7,1,0,100,2,v New Zealand,Dhaka,6-Nov-13,7
Mashrafe Mortaza,DNB,-,-,-,-,-,2,v Sri Lanka,Chittagong,12-Feb-14,0
Mashrafe Mortaza,17,10,10,4,0,170,1,v Sri Lanka,Chittagong,14-Feb-14,28.9
Mashrafe Mortaza,DNB,-,-,-,-,-,2,v Afghanistan,Dhaka,16-Mar-14,0
Mashrafe Mortaza,DNB,-,-,-,-,-,2,v Nepal,Chittagong,18-Mar-14,0
Mashrafe Mortaza,19,18,17,3,0,111.76,2,v West Indies,Dhaka,25-Mar-14,21.23529412
Mashrafe Mortaza,6*,1,2,0,1,300,1,v India,Dhaka,28-Mar-14,18
Mashrafe Mortaza,17*,10,9,4,0,188.88,2,v Pakistan,Dhaka,30-Mar-14,32.11111111
Mashrafe Mortaza,DNB,-,-,-,-,-,2,v Pakistan,Dhaka,24-Apr-15,0
Mashrafe Mortaza,5,6,4,1,0,125,2,v South Africa,Dhaka,5-Jul-15,6.25
Mashrafe Mortaza,17,12,8,0,2,212.5,2,v South Africa,Dhaka,7-Jul-15,36.125
Mashrafe Mortaza,15*,12,12,2,1,125,2,v Zimbabwe,Dhaka,13-Nov-15,18.75
Mashrafe Mortaza,0,2,1,0,0,0,1,v Zimbabwe,Dhaka,15-Nov-15,0
Mashrafe Mortaza,DNB,-,-,-,-,-,2,v Zimbabwe,Khulna,15-Jan-16,0
Mashrafe Mortaza,DNB,-,-,-,-,-,1,v Zimbabwe,Khulna,17-Jan-16,0
Mashrafe Mortaza,DNB,-,-,-,-,-,2,v Zimbabwe,Khulna,20-Jan-16,0
Mashrafe Mortaza,22,18,12,1,2,183.33,2,v Zimbabwe,Khulna,22-Jan-16,40.33333333
Mashrafe Mortaza,0,1,1,0,0,0,2,v India,Dhaka,24-Feb-16,0
Mashrafe Mortaza,0,3,3,0,0,0,1,v U.A.E.,Dhaka,26-Feb-16,0
Mashrafe Mortaza,2,5,2,0,0,100,1,v Sri Lanka,Dhaka,28-Feb-16,2
Mashrafe Mortaza,12*,14,7,2,0,171.42,2,v Pakistan,Dhaka,2-Mar-16,20.57142857
Mashrafe Mortaza,0,1,1,0,0,0,1,v India,Dhaka,6-Mar-16,0
Mashrafe Mortaza,7,5,5,0,1,140,1,v Netherlands,Dharamsala,9-Mar-16,9.8
Mashrafe Mortaza,DNB,-,-,-,-,-,1,v Ireland,Dharamsala,11-Mar-16,0
Mashrafe Mortaza,DNB,-,-,-,-,-,1,v Oman,Dharamsala,13-Mar-16,0
Mashrafe Mortaza,15*,11,9,2,1,166.66,2,v Pakistan,Kolkata,16-Mar-16,25
Mashrafe Mortaza,DNB,-,-,-,-,-,1,v Australia,Bangalore,21-Mar-16,0
Mashrafe Mortaza,6,10,5,0,1,120,2,v India,Bangalore,23-Mar-16,7.2
Mashrafe Mortaza,3,6,5,0,0,60,2,v New Zealand,Kolkata,26-Mar-16,1.8
Mehrab Hossain jnr,6*,15,8,0,0,75,2,v South Africa,Johannesburg,5-Nov-08,4.5
Mehrab Hossain jnr,10,16,17,1,0,58.82,1,v West Indies,Basseterre,2-Aug-09,5.882352941
Mohammad Ashraful,36,-,20,4,1,180,2,v Kenya,Nairobi (Gym),1-Sep-07,64.8
Mohammad Ashraful,7,-,4,1,0,175,2,v Pakistan,Nairobi (Gym),2-Sep-07,12.25
Mohammad Ashraful,61,43,27,7,3,225.92,2,v West Indies,Johannesburg,13-Sep-07,137.8148148
Mohammad Ashraful,10,3,3,1,1,333.33,1,v South Africa,Cape Town,15-Sep-07,33.33333333
Mohammad Ashraful,7,11,6,1,0,116.66,1,v Australia,Cape Town,16-Sep-07,8.166666667
Mohammad Ashraful,4,14,8,0,0,50,2,v Sri Lanka,Johannesburg,18-Sep-07,2
Mohammad Ashraful,5,2,4,0,0,125,1,v Pakistan,Cape Town,20-Sep-07,6.25
Mohammad Ashraful,13,11,11,1,0,118.18,2,v Pakistan,Karachi,20-Apr-08,15.36363636
Mohammad Ashraful,21,12,10,5,0,210,2,v South Africa,Johannesburg,5-Nov-08,44.1
Mohammad Ashraful,11,14,9,1,0,122.22,2,v India,Nottingham,6-Jun-09,13.44444444
Mohammad Ashraful,14,14,10,1,1,140,1,v Ireland,Nottingham,8-Jun-09,19.6
Mohammad Ashraful,0,1,1,0,0,0,1,v West Indies,Basseterre,2-Aug-09,0
Mohammad Ashraful,11,29,14,1,0,78.57,1,v New Zealand,Hamilton,3-Feb-10,8.642857143
Mohammad Ashraful,65,-,49,4,3,132.65,2,v Pakistan,Gros Islet,1-May-10,86.2244898
Mohammad Ashraful,0,5,3,0,0,0,2,v Australia,Bridgetown,5-May-10,0
Mohammad Ashraful,24,25,25,2,0,96,2,v West Indies,Dhaka,11-Oct-11,23.04
Mohammad Ashraful,15,20,13,2,0,115.38,1,v Ireland,Belfast,18-Jul-12,17.30769231
Mohammad Ashraful,38,67,46,2,0,82.6,1,v Ireland,Belfast,20-Jul-12,31.39130435
Mohammad Ashraful,24,34,25,4,0,96,2,v Ireland,Belfast,21-Jul-12,23.04
Mohammad Ashraful,6,10,7,1,0,85.71,2,v Scotland,The Hague,24-Jul-12,5.142857143
Mohammad Ashraful,21,32,21,3,0,100,2,v New Zealand,Pallekele,21-Sep-12,21
Mohammad Ashraful,14,16,13,3,0,107.69,1,v Pakistan,Pallekele,25-Sep-12,15.07692308
Mohammad Ashraful,43,40,27,4,2,159.25,2,v Sri Lanka,Pallekele,31-Mar-13,68.48148148
Mohammad Mithun,0,2,1,0,0,0,2,v Sri Lanka,Chittagong,12-Feb-14,0
Mohammad Mithun,DNB,-,-,-,-,-,1,v West Indies,Basseterre,27-Aug-14,0
Mohammad Mithun,1,10,3,0,0,33.33,2,v India,Dhaka,24-Feb-16,0.333333333
Mohammad Mithun,47,53,41,4,2,114.63,1,v U.A.E.,Dhaka,26-Feb-16,53.87804878
Mohammad Mithun,0,1,2,0,0,0,1,v Sri Lanka,Dhaka,28-Feb-16,0
Mohammad Mithun,DNB,-,-,-,-,-,2,v Pakistan,Dhaka,2-Mar-16,0
Mohammad Mithun,DNB,-,-,-,-,-,1,v Ireland,Dharamsala,11-Mar-16,0
Mohammad Mithun,DNB,-,-,-,-,-,1,v Oman,Dharamsala,13-Mar-16,0
Mohammad Mithun,2,5,4,0,0,50,2,v Pakistan,Kolkata,16-Mar-16,1
Mohammad Mithun,23,44,22,1,1,104.54,1,v Australia,Bangalore,21-Mar-16,24.04545455
Mohammad Mithun,1,12,3,0,0,33.33,2,v India,Bangalore,23-Mar-16,0.333333333
Mohammad Mithun,11,21,17,1,0,64.7,2,v New Zealand,Kolkata,26-Mar-16,7.117647059
Mohammad Rafique,13,11,5,3,0,260,1,v Zimbabwe,Khulna,28-Nov-06,33.8
Mohammad Shahid,DNB,-,-,-,-,-,2,v Zimbabwe,Khulna,20-Jan-16,0
Mominul Haque,DNB,-,-,-,-,-,2,v West Indies,Dhaka,10-Dec-12,0
Mominul Haque,26*,27,16,2,1,162.5,2,v Sri Lanka,Pallekele,31-Mar-13,42.25
Mominul Haque,9,16,9,1,0,100,1,v Zimbabwe,Bulawayo,12-May-13,9
Mominul Haque,9,6,6,0,1,150,2,v New Zealand,Dhaka,6-Nov-13,13.5
Mominul Haque,16,37,19,2,0,84.21,2,v West Indies,Dhaka,25-Mar-14,13.47368421
Mominul Haque,DNB,-,-,-,-,-,1,v Australia,Dhaka,1-Apr-14,0
Mosaddek Hossain,15,21,19,1,0,78.94,2,v Zimbabwe,Khulna,20-Jan-16,11.84210526
Muktar Ali,19*,23,15,1,1,126.66,2,v Zimbabwe,Khulna,20-Jan-16,24.06666667
Mushfiqur Rahim,2,3,5,0,0,40,1,v Zimbabwe,Khulna,28-Nov-06,0.8
Mushfiqur Rahim,DNB,-,-,-,-,-,2,v Kenya,Nairobi (Gym),1-Sep-07,0
Mushfiqur Rahim,1*,-,2,0,0,50,2,v Pakistan,Nairobi (Gym),2-Sep-07,0.5
Mushfiqur Rahim,DNB,-,-,-,-,-,2,v West Indies,Johannesburg,13-Sep-07,0
Mushfiqur Rahim,4,12,6,0,0,66.66,1,v South Africa,Cape Town,15-Sep-07,2.666666667
Mushfiqur Rahim,3*,3,2,0,0,150,1,v Australia,Cape Town,16-Sep-07,4.5
Mushfiqur Rahim,1,1,1,0,0,100,2,v Sri Lanka,Johannesburg,18-Sep-07,1
Mushfiqur Rahim,6*,19,9,0,0,66.66,1,v Pakistan,Cape Town,20-Sep-07,4
Mushfiqur Rahim,12,14,9,2,0,133.33,2,v South Africa,Johannesburg,5-Nov-08,16
Mushfiqur Rahim,11*,26,11,1,0,100,2,v India,Nottingham,6-Jun-09,11
Mushfiqur Rahim,14,15,15,0,0,93.33,1,v Ireland,Nottingham,8-Jun-09,13.06666667
Mushfiqur Rahim,3,14,9,0,0,33.33,1,v West Indies,Basseterre,2-Aug-09,1
Mushfiqur Rahim,0,1,1,0,0,0,1,v New Zealand,Hamilton,3-Feb-10,0
Mushfiqur Rahim,4,-,3,0,0,133.33,2,v Pakistan,Gros Islet,1-May-10,5.333333333
Mushfiqur Rahim,24,31,25,2,1,96,2,v Australia,Bridgetown,5-May-10,23.04
Mushfiqur Rahim,41*,47,26,1,2,157.69,2,v West Indies,Dhaka,11-Oct-11,64.65384615
Mushfiqur Rahim,10,23,18,0,0,55.55,2,v Pakistan,Dhaka,29-Nov-11,5.555555556
Mushfiqur Rahim,6,14,5,1,0,120,1,v Ireland,Belfast,18-Jul-12,7.2
Mushfiqur Rahim,14,13,8,1,1,175,1,v Ireland,Belfast,20-Jul-12,24.5
Mushfiqur Rahim,18,41,20,0,1,90,2,v Ireland,Belfast,21-Jul-12,16.2
Mushfiqur Rahim,9,6,7,1,0,128.57,2,v Scotland,The Hague,24-Jul-12,11.57142857
Mushfiqur Rahim,37*,32,24,0,4,154.16,2,v Netherlands,The Hague,25-Jul-12,57.04166667
Mushfiqur Rahim,2,6,6,0,0,33.33,1,v Netherlands,The Hague,26-Jul-12,0.666666667
Mushfiqur Rahim,4,9,6,0,0,66.66,2,v New Zealand,Pallekele,21-Sep-12,2.666666667
Mushfiqur Rahim,25,36,26,1,1,96.15,1,v Pakistan,Pallekele,25-Sep-12,24.03846154
Mushfiqur Rahim,DNB,-,-,-,-,-,2,v West Indies,Dhaka,10-Dec-12,0
Mushfiqur Rahim,39,62,29,3,1,134.48,2,v Sri Lanka,Pallekele,31-Mar-13,52.44827586
Mushfiqur Rahim,28,32,14,1,2,200,2,v Zimbabwe,Bulawayo,11-May-13,56
Mushfiqur Rahim,17,15,12,2,0,141.66,1,v Zimbabwe,Bulawayo,12-May-13,24.08333333
Mushfiqur Rahim,50,46,29,7,1,172.41,2,v New Zealand,Dhaka,6-Nov-13,86.20689655
Mushfiqur Rahim,DNB,-,-,-,-,-,2,v Afghanistan,Dhaka,16-Mar-14,0
Mushfiqur Rahim,DNB,-,-,-,-,-,2,v Nepal,Chittagong,18-Mar-14,0
Mushfiqur Rahim,23,25,18,3,0,127.77,1,v Hong Kong,Chittagong,20-Mar-14,29.38888889
Mushfiqur Rahim,22,38,22,2,1,100,2,v West Indies,Dhaka,25-Mar-14,22
Mushfiqur Rahim,24,22,21,4,0,114.28,1,v India,Dhaka,28-Mar-14,27.42857143
Mushfiqur Rahim,2,3,4,0,0,50,2,v Pakistan,Dhaka,30-Mar-14,1
Mushfiqur Rahim,47,56,36,5,1,130.55,1,v Australia,Dhaka,1-Apr-14,61.36111111
Mushfiqur Rahim,DNB,-,-,-,-,-,1,v West Indies,Basseterre,27-Aug-14,0
Mushfiqur Rahim,19,15,15,4,0,126.66,2,v Pakistan,Dhaka,24-Apr-15,24.06666667
Mushfiqur Rahim,17,25,19,2,0,89.47,2,v South Africa,Dhaka,5-Jul-15,15.21052632
Mushfiqur Rahim,19,22,16,1,1,118.75,2,v South Africa,Dhaka,7-Jul-15,22.5625
Mushfiqur Rahim,2,6,5,0,0,40,2,v Zimbabwe,Dhaka,13-Nov-15,0.8
Mushfiqur Rahim,9,11,8,1,0,112.5,1,v Zimbabwe,Dhaka,15-Nov-15,10.125
Mushfiqur Rahim,26,-,19,3,0,136.84,2,v Zimbabwe,Khulna,15-Jan-16,35.57894737
Mushfiqur Rahim,24*,26,20,1,0,120,1,v Zimbabwe,Khulna,17-Jan-16,28.8
Mushfiqur Rahim,16*,32,17,2,0,94.11,2,v India,Dhaka,24-Feb-16,15.05882353
Mushfiqur Rahim,4,11,8,0,0,50,1,v U.A.E.,Dhaka,26-Feb-16,2
Mushfiqur Rahim,4,13,9,0,0,44.44,1,v Sri Lanka,Dhaka,28-Feb-16,1.777777778
Mushfiqur Rahim,12,28,15,0,0,80,2,v Pakistan,Dhaka,2-Mar-16,9.6
Mushfiqur Rahim,4,10,5,0,0,80,1,v India,Dhaka,6-Mar-16,3.2
Mushfiqur Rahim,0,3,2,0,0,0,1,v Netherlands,Dharamsala,9-Mar-16,0
Mushfiqur Rahim,DNB,-,-,-,-,-,1,v Ireland,Dharamsala,11-Mar-16,0
Mushfiqur Rahim,DNB,-,-,-,-,-,1,v Oman,Dharamsala,13-Mar-16,0
Mushfiqur Rahim,18,28,21,3,0,85.71,2,v Pakistan,Kolkata,16-Mar-16,15.42857143
Mushfiqur Rahim,15*,23,11,2,0,136.36,1,v Australia,Bangalore,21-Mar-16,20.45454545
Mushfiqur Rahim,11,15,6,2,0,183.33,2,v India,Bangalore,23-Mar-16,20.16666667
Mushfiqur Rahim,0,2,2,0,0,0,2,v New Zealand,Kolkata,26-Mar-16,0
Mustafizur Rahman,DNB,-,-,-,-,-,2,v Pakistan,Dhaka,24-Apr-15,0
Mustafizur Rahman,1,5,6,0,0,16.66,2,v South Africa,Dhaka,5-Jul-15,0.166666667
Mustafizur Rahman,0,1,1,0,0,0,2,v South Africa,Dhaka,7-Jul-15,0
Mustafizur Rahman,DNB,-,-,-,-,-,2,v Zimbabwe,Dhaka,13-Nov-15,0
Mustafizur Rahman,1*,6,1,0,0,100,1,v Zimbabwe,Dhaka,15-Nov-15,1
Mustafizur Rahman,DNB,-,-,-,-,-,2,v Zimbabwe,Khulna,15-Jan-16,0
Mustafizur Rahman,DNB,-,-,-,-,-,1,v Zimbabwe,Khulna,17-Jan-16,0
Mustafizur Rahman,DNB,-,-,-,-,-,2,v India,Dhaka,24-Feb-16,0
Mustafizur Rahman,DNB,-,-,-,-,-,1,v U.A.E.,Dhaka,26-Feb-16,0
Mustafizur Rahman,DNB,-,-,-,-,-,1,v Sri Lanka,Dhaka,28-Feb-16,0
Mustafizur Rahman,DNB,-,-,-,-,-,1,v Australia,Bangalore,21-Mar-16,0
Mustafizur Rahman,0,2,0,0,0,-,2,v India,Bangalore,23-Mar-16,0
Mustafizur Rahman,6,1,3,0,1,200,2,v New Zealand,Kolkata,26-Mar-16,12
Nadif Chowdhury,10,7,7,1,0,142.85,1,v Zimbabwe,Khulna,28-Nov-06,14.28571429
Nadif Chowdhury,5,10,6,0,0,83.33,2,v Sri Lanka,Johannesburg,18-Sep-07,4.166666667
Nadif Chowdhury,12,14,10,1,0,120,1,v Pakistan,Cape Town,20-Sep-07,14.4
Naeem Islam,15,24,17,1,0,88.23,2,v South Africa,Johannesburg,5-Nov-08,13.23529412
Naeem Islam,28,15,17,0,3,164.7,2,v India,Nottingham,6-Jun-09,46.11764706
Naeem Islam,7,9,9,0,0,77.77,1,v Ireland,Nottingham,8-Jun-09,5.444444444
Naeem Islam,27,25,18,2,2,150,1,v West Indies,Basseterre,2-Aug-09,40.5
Naeem Islam,5,13,11,0,0,45.45,1,v New Zealand,Hamilton,3-Feb-10,2.272727273
Naeem Islam,10*,-,9,1,0,111.11,2,v Pakistan,Gros Islet,1-May-10,11.11111111
Naeem Islam,7,2,6,0,1,116.66,2,v Australia,Bridgetown,5-May-10,8.166666667
Naeem Islam,10,10,8,1,0,125,2,v West Indies,Dhaka,11-Oct-11,12.5
Naeem Islam,3,5,9,0,0,33.33,2,v Pakistan,Dhaka,29-Nov-11,1
Naeem Islam,18,17,10,3,1,180,2,v New Zealand,Dhaka,6-Nov-13,32.4
Nasir Hossain,18,22,15,1,0,120,2,v West Indies,Dhaka,11-Oct-11,21.6
Nasir Hossain,35*,44,38,2,1,92.1,2,v Pakistan,Dhaka,29-Nov-11,32.23684211
Nasir Hossain,8*,14,6,0,0,133.33,1,v Ireland,Belfast,18-Jul-12,10.66666667
Nasir Hossain,50*,41,33,4,2,151.51,1,v Ireland,Belfast,20-Jul-12,75.75757576
Nasir Hossain,5,4,5,1,0,100,2,v Ireland,Belfast,21-Jul-12,5
Nasir Hossain,7,8,5,1,0,140,2,v Scotland,The Hague,24-Jul-12,9.8
Nasir Hossain,DNB,-,-,-,-,-,2,v Netherlands,The Hague,25-Jul-12,0
Nasir Hossain,4,13,7,0,0,57.14,1,v Netherlands,The Hague,26-Jul-12,2.285714286
Nasir Hossain,50,38,39,6,1,128.2,2,v New Zealand,Pallekele,21-Sep-12,64.1025641
Nasir Hossain,16,21,13,2,0,123.07,1,v Pakistan,Pallekele,25-Sep-12,19.69230769
Nasir Hossain,DNB,-,-,-,-,-,2,v West Indies,Dhaka,10-Dec-12,0
Nasir Hossain,8,8,5,1,0,160,2,v Sri Lanka,Pallekele,31-Mar-13,12.8
Nasir Hossain,0,2,0,0,0,-,2,v Zimbabwe,Bulawayo,11-May-13,0
Nasir Hossain,27,32,23,3,0,117.39,1,v Zimbabwe,Bulawayo,12-May-13,31.69565217
Nasir Hossain,28,28,20,4,0,140,2,v New Zealand,Dhaka,6-Nov-13,39.2
Nasir Hossain,16,15,13,0,1,123.07,2,v Sri Lanka,Chittagong,12-Feb-14,19.69230769
Nasir Hossain,8,18,13,0,0,61.53,1,v Sri Lanka,Chittagong,14-Feb-14,4.923076923
Nasir Hossain,DNB,-,-,-,-,-,2,v Afghanistan,Dhaka,16-Mar-14,0
Nasir Hossain,DNB,-,-,-,-,-,2,v Nepal,Chittagong,18-Mar-14,0
Nasir Hossain,14*,28,17,0,0,82.35,1,v Hong Kong,Chittagong,20-Mar-14,11.52941176
Nasir Hossain,16,31,17,1,0,94.11,1,v India,Dhaka,28-Mar-14,15.05882353
Nasir Hossain,23,31,19,1,1,121.05,2,v Pakistan,Dhaka,30-Mar-14,27.84210526
Nasir Hossain,14,13,10,2,0,140,1,v Australia,Dhaka,1-Apr-14,19.6
Nasir Hossain,DNB,-,-,-,-,-,1,v West Indies,Basseterre,27-Aug-14,0
Nasir Hossain,DNB,-,-,-,-,-,2,v Pakistan,Dhaka,24-Apr-15,0
Nasir Hossain,1,4,2,0,0,50,2,v South Africa,Dhaka,5-Jul-15,0.5
Nasir Hossain,0,6,2,0,0,0,2,v South Africa,Dhaka,7-Jul-15,0
Nasir Hossain,16,12,12,1,1,133.33,2,v Zimbabwe,Dhaka,13-Nov-15,21.33333333
Nasir Hossain,3,8,5,0,0,60,1,v Zimbabwe,Dhaka,15-Nov-15,1.8
Nasir Hossain,DNB,-,-,-,-,-,1,v India,Dhaka,6-Mar-16,0
Nasir Hossain,3,12,7,0,0,42.85,1,v Netherlands,Dharamsala,9-Mar-16,1.285714286
Nazimuddin,43,-,37,3,2,116.21,2,v Kenya,Nairobi (Gym),1-Sep-07,49.97297297
Nazimuddin,81,-,50,8,5,162,2,v Pakistan,Nairobi (Gym),2-Sep-07,131.22
Nazimuddin,1,3,4,0,0,25,2,v West Indies,Johannesburg,13-Sep-07,0.25
Nazimuddin,0,4,1,0,0,0,1,v South Africa,Cape Town,15-Sep-07,0
Nazimuddin,11,21,17,2,0,64.7,1,v Australia,Cape Town,16-Sep-07,7.117647059
Nazimuddin,0,3,1,0,0,0,2,v Sri Lanka,Johannesburg,18-Sep-07,0
Nazimuddin,42,66,48,0,3,87.5,2,v Pakistan,Karachi,20-Apr-08,36.75
Nazmul Hossain,3*,14,12,0,0,25,1,v West Indies,Basseterre,2-Aug-09,0.75
Nazmul Hossain,0*,4,3,0,0,0,1,v New Zealand,Hamilton,3-Feb-10,0
Nazmul Hossain,DNB,-,-,-,-,-,2,v Ireland,Belfast,21-Jul-12,0
Nazmul Hossain,DNB,-,-,-,-,-,2,v Netherlands,The Hague,25-Jul-12,0
Nazmus Sadat,4,3,3,0,0,133.33,1,v Zimbabwe,Khulna,28-Nov-06,5.333333333
Nurul Hasan,7*,-,5,1,0,140,2,v Zimbabwe,Khulna,15-Jan-16,9.8
Nurul Hasan,DNB,-,-,-,-,-,1,v Zimbabwe,Khulna,17-Jan-16,0
Nurul Hasan,30*,20,17,5,0,176.47,2,v Zimbabwe,Khulna,20-Jan-16,52.94117647
Nurul Hasan,15,30,15,1,0,100,2,v Zimbabwe,Khulna,22-Jan-16,15
Nurul Hasan,0,1,1,0,0,0,1,v U.A.E.,Dhaka,26-Feb-16,0
Nurul Hasan,2,10,5,0,0,40,1,v Sri Lanka,Dhaka,28-Feb-16,0.8
Raqibul Hasan,3,7,5,0,0,60,2,v South Africa,Johannesburg,5-Nov-08,1.8
Raqibul Hasan,16,28,20,1,0,80,2,v India,Nottingham,6-Jun-09,12.8
Raqibul Hasan,13,20,20,0,0,65,1,v Ireland,Nottingham,8-Jun-09,8.45
Raqibul Hasan,1,4,4,0,0,25,1,v West Indies,Basseterre,2-Aug-09,0.25
Raqibul Hasan,18,20,13,2,1,138.46,1,v New Zealand,Hamilton,3-Feb-10,24.92307692
Robiul Islam,DNB,-,-,-,-,-,1,v Zimbabwe,Bulawayo,12-May-13,0
Rony Talukdar,21,34,22,0,1,95.45,2,v South Africa,Dhaka,7-Jul-15,20.04545455
Rubel Hossain,DNB,-,-,-,-,-,2,v India,Nottingham,6-Jun-09,0
Rubel Hossain,DNB,-,-,-,-,-,1,v Ireland,Nottingham,8-Jun-09,0
Rubel Hossain,8*,4,5,1,0,160,1,v West Indies,Basseterre,2-Aug-09,12.8
Rubel Hossain,DNB,-,-,-,-,-,2,v West Indies,Dhaka,11-Oct-11,0
Rubel Hossain,0*,11,5,0,0,0,2,v Pakistan,Dhaka,29-Nov-11,0
Rubel Hossain,DNB,-,-,-,-,-,2,v West Indies,Dhaka,10-Dec-12,0
Rubel Hossain,DNB,-,-,-,-,-,2,v Sri Lanka,Pallekele,31-Mar-13,0
Rubel Hossain,DNB,-,-,-,-,-,2,v Sri Lanka,Chittagong,12-Feb-14,0
Rubel Hossain,0*,1,0,0,0,-,1,v Sri Lanka,Chittagong,14-Feb-14,0
Rubel Hossain,0,2,3,0,0,0,1,v Hong Kong,Chittagong,20-Mar-14,0
Rubel Hossain,DNB,-,-,-,-,-,1,v West Indies,Basseterre,27-Aug-14,0
Sabbir Rahman,26,61,36,2,0,72.22,1,v Sri Lanka,Chittagong,14-Feb-14,18.77777778
Sabbir Rahman,DNB,-,-,-,-,-,2,v Afghanistan,Dhaka,16-Mar-14,0
Sabbir Rahman,21*,39,20,1,1,105,2,v Nepal,Chittagong,18-Mar-14,22.05
Sabbir Rahman,2,4,4,0,0,50,1,v Hong Kong,Chittagong,20-Mar-14,1
Sabbir Rahman,1,5,3,0,0,33.33,2,v West Indies,Dhaka,25-Mar-14,0.333333333
Sabbir Rahman,51*,43,32,7,1,159.37,2,v Pakistan,Dhaka,24-Apr-15,81.28125
Sabbir Rahman,4,6,7,0,0,57.14,2,v South Africa,Dhaka,5-Jul-15,2.285714286
Sabbir Rahman,1,6,3,0,0,33.33,2,v South Africa,Dhaka,7-Jul-15,0.333333333
Sabbir Rahman,18,24,16,3,0,112.5,2,v Zimbabwe,Dhaka,13-Nov-15,20.25
Sabbir Rahman,17,20,18,1,0,94.44,1,v Zimbabwe,Dhaka,15-Nov-15,16.05555556
Sabbir Rahman,46,-,36,4,1,127.77,2,v Zimbabwe,Khulna,15-Jan-16,58.77777778
Sabbir Rahman,43*,66,30,1,3,143.33,1,v Zimbabwe,Khulna,17-Jan-16,61.63333333
Sabbir Rahman,50,46,32,9,0,156.25,2,v Zimbabwe,Khulna,20-Jan-16,78.125
Sabbir Rahman,1,7,4,0,0,25,2,v Zimbabwe,Khulna,22-Jan-16,0.25
Sabbir Rahman,44,55,32,2,2,137.5,2,v India,Dhaka,24-Feb-16,60.5
Sabbir Rahman,6,17,12,0,0,50,1,v U.A.E.,Dhaka,26-Feb-16,3
Sabbir Rahman,80,65,54,10,3,148.14,1,v Sri Lanka,Dhaka,28-Feb-16,118.5185185
Sabbir Rahman,14,31,15,1,0,93.33,2,v Pakistan,Dhaka,2-Mar-16,13.06666667
Sabbir Rahman,32*,55,29,2,0,110.34,1,v India,Dhaka,6-Mar-16,35.31034483
Sabbir Rahman,15,23,15,1,1,100,1,v Netherlands,Dharamsala,9-Mar-16,15
Sabbir Rahman,13*,11,9,0,1,144.44,1,v Ireland,Dharamsala,11-Mar-16,18.77777778
Sabbir Rahman,44,44,26,5,1,169.23,1,v Oman,Dharamsala,13-Mar-16,74.46153846
Sabbir Rahman,25,27,19,5,0,131.57,2,v Pakistan,Kolkata,16-Mar-16,32.89473684
Sabbir Rahman,12,18,17,2,0,70.58,1,v Australia,Bangalore,21-Mar-16,8.470588235
Sabbir Rahman,26,31,15,3,1,173.33,2,v India,Bangalore,23-Mar-16,45.06666667
Sabbir Rahman,12,26,18,1,0,66.66,2,v New Zealand,Kolkata,26-Mar-16,8
Sajedul Islam,DNB,-,-,-,-,-,2,v Zimbabwe,Bulawayo,11-May-13,0
Saqlain Sajib,DNB,-,-,-,-,-,1,v Australia,Bangalore,21-Mar-16,0
Shafiul Islam,1,7,9,0,0,11.11,1,v New Zealand,Hamilton,3-Feb-10,0.111111111
Shafiul Islam,DNB,-,-,-,-,-,2,v Pakistan,Gros Islet,1-May-10,0
Shafiul Islam,16,7,13,1,1,123.07,2,v Australia,Bridgetown,5-May-10,19.69230769
Shafiul Islam,DNB,-,-,-,-,-,2,v West Indies,Dhaka,11-Oct-11,0
Shafiul Islam,0,1,1,0,0,0,2,v Pakistan,Dhaka,29-Nov-11,0
Shafiul Islam,1*,1,1,0,0,100,1,v Netherlands,The Hague,26-Jul-12,1
Shafiul Islam,DNB,-,-,-,-,-,2,v New Zealand,Pallekele,21-Sep-12,0
Shafiul Islam,DNB,-,-,-,-,-,1,v Pakistan,Pallekele,25-Sep-12,0
Shafiul Islam,DNB,-,-,-,-,-,2,v West Indies,Dhaka,10-Dec-12,0
Shafiul Islam,DNB,-,-,-,-,-,2,v Zimbabwe,Bulawayo,11-May-13,0
Shafiul Islam,DNB,-,-,-,-,-,1,v Zimbabwe,Bulawayo,12-May-13,0
Shahadat Hossain,3*,3,4,0,0,75,1,v Zimbabwe,Khulna,28-Nov-06,2.25
Shahadat Hossain,0,2,1,0,0,0,2,v Pakistan,Karachi,20-Apr-08,0
Shahadat Hossain,4*,5,4,0,0,100,2,v South Africa,Johannesburg,5-Nov-08,4
Shahadat Hossain,0*,1,0,0,0,-,2,v India,Nottingham,6-Jun-09,0
Shahadat Hossain,1,3,3,0,0,33.33,1,v New Zealand,Hamilton,3-Feb-10,0.333333333
Shahadat Hossain,DNB,-,-,-,-,-,2,v Sri Lanka,Pallekele,31-Mar-13,0
Shahriar Nafees,25,26,17,3,1,147.05,1,v Zimbabwe,Khulna,28-Nov-06,36.76470588
Shamsur Rahman,0,3,1,0,0,0,2,v Sri Lanka,Pallekele,31-Mar-13,0
Shamsur Rahman,53,61,48,7,1,110.41,2,v Zimbabwe,Bulawayo,11-May-13,58.52083333
Shamsur Rahman,2,3,3,0,0,66.66,1,v Zimbabwe,Bulawayo,12-May-13,1.333333333
Shamsur Rahman,4,1,2,1,0,200,2,v New Zealand,Dhaka,6-Nov-13,8
Shamsur Rahman,22,28,15,4,0,146.66,2,v Sri Lanka,Chittagong,12-Feb-14,32.26666667
Shamsur Rahman,1,2,3,0,0,33.33,1,v Sri Lanka,Chittagong,14-Feb-14,0.333333333
Shamsur Rahman,0,1,1,0,0,0,1,v India,Dhaka,28-Mar-14,0
Shamsur Rahman,4,8,12,0,0,33.33,2,v Pakistan,Dhaka,30-Mar-14,1.333333333
Shamsur Rahman,DNB,-,-,-,-,-,1,v West Indies,Basseterre,27-Aug-14,0
Shakib Al Hasan,26,32,28,2,0,92.85,1,v Zimbabwe,Khulna,28-Nov-06,24.14285714
Shakib Al Hasan,13,9,9,1,0,144.44,2,v West Indies,Johannesburg,13-Sep-07,18.77777778
Shakib Al Hasan,19,22,14,3,0,135.71,1,v South Africa,Cape Town,15-Sep-07,25.78571429
Shakib Al Hasan,16,13,11,1,1,145.45,1,v Australia,Cape Town,16-Sep-07,23.27272727
Shakib Al Hasan,18,30,19,2,0,94.73,2,v Sri Lanka,Johannesburg,18-Sep-07,17.05263158
Shakib Al Hasan,1,2,3,0,0,33.33,1,v Pakistan,Cape Town,20-Sep-07,0.333333333
Shakib Al Hasan,0,1,1,0,0,0,2,v Pakistan,Karachi,20-Apr-08,0
Shakib Al Hasan,4,6,3,1,0,133.33,2,v South Africa,Johannesburg,5-Nov-08,5.333333333
Shakib Al Hasan,8,7,10,0,0,80,2,v India,Nottingham,6-Jun-09,6.4
Shakib Al Hasan,7,3,7,1,0,100,1,v Ireland,Nottingham,8-Jun-09,7
Shakib Al Hasan,17,12,16,3,0,106.25,1,v West Indies,Basseterre,2-Aug-09,18.0625
Shakib Al Hasan,3,8,5,0,0,60,1,v New Zealand,Hamilton,3-Feb-10,1.8
Shakib Al Hasan,47,-,31,3,2,151.61,2,v Pakistan,Gros Islet,1-May-10,71.25806452
Shakib Al Hasan,28,35,28,0,1,100,2,v Australia,Bridgetown,5-May-10,28
Shakib Al Hasan,0,1,1,0,0,0,2,v West Indies,Dhaka,11-Oct-11,0
Shakib Al Hasan,7,17,14,0,0,50,2,v Pakistan,Dhaka,29-Nov-11,3.5
Shakib Al Hasan,57,33,33,9,0,172.72,1,v Ireland,Belfast,18-Jul-12,98.45454545
Shakib Al Hasan,11,12,9,2,0,122.22,1,v Ireland,Belfast,20-Jul-12,13.44444444
Shakib Al Hasan,3,6,5,0,0,60,2,v Ireland,Belfast,21-Jul-12,1.8
Shakib Al Hasan,31,54,29,1,1,106.89,2,v Scotland,The Hague,24-Jul-12,33.13793103
Shakib Al Hasan,12,13,11,2,0,109.09,2,v Netherlands,The Hague,25-Jul-12,13.09090909
Shakib Al Hasan,0,1,3,0,0,0,1,v Netherlands,The Hague,26-Jul-12,0
Shakib Al Hasan,11,12,8,2,0,137.5,2,v New Zealand,Pallekele,21-Sep-12,15.125
Shakib Al Hasan,84,71,54,11,2,155.55,1,v Pakistan,Pallekele,25-Sep-12,130.6666667
Shakib Al Hasan,65,56,40,8,2,162.5,2,v Zimbabwe,Bulawayo,11-May-13,105.625
Shakib Al Hasan,40,33,28,6,1,142.85,1,v Zimbabwe,Bulawayo,12-May-13,57.14285714
Shakib Al Hasan,26,22,17,2,1,152.94,2,v Sri Lanka,Chittagong,12-Feb-14,39.76470588
Shakib Al Hasan,12,7,6,3,0,200,1,v Sri Lanka,Chittagong,14-Feb-14,24
Shakib Al Hasan,10*,-,12,1,0,83.33,2,v Afghanistan,Dhaka,16-Mar-14,8.333333333
Shakib Al Hasan,37*,23,18,1,4,205.55,2,v Nepal,Chittagong,18-Mar-14,76.05555556
Shakib Al Hasan,34,42,27,6,0,125.92,1,v Hong Kong,Chittagong,20-Mar-14,42.81481481
Shakib Al Hasan,0,1,1,0,0,0,2,v West Indies,Dhaka,25-Mar-14,0
Shakib Al Hasan,1,3,2,0,0,50,1,v India,Dhaka,28-Mar-14,0.5
Shakib Al Hasan,38,44,32,2,2,118.75,2,v Pakistan,Dhaka,30-Mar-14,45.125
Shakib Al Hasan,66,72,52,5,3,126.92,1,v Australia,Dhaka,1-Apr-14,83.76923077
Shakib Al Hasan,57*,67,41,9,0,139.02,2,v Pakistan,Dhaka,24-Apr-15,79.24390244
Shakib Al Hasan,26,55,30,1,1,86.66,2,v South Africa,Dhaka,5-Jul-15,22.53333333
Shakib Al Hasan,8,18,14,0,0,57.14,2,v South Africa,Dhaka,7-Jul-15,4.571428571
Shakib Al Hasan,20*,-,13,2,0,153.84,2,v Zimbabwe,Khulna,15-Jan-16,30.76923077
Shakib Al Hasan,27*,19,17,2,1,158.82,1,v Zimbabwe,Khulna,17-Jan-16,42.88235294
Shakib Al Hasan,3,11,10,0,0,30,2,v Zimbabwe,Khulna,20-Jan-16,0.9
Shakib Al Hasan,4,2,3,1,0,133.33,2,v Zimbabwe,Khulna,22-Jan-16,5.333333333
Shakib Al Hasan,3,12,8,0,0,37.5,2,v India,Dhaka,24-Feb-16,1.125
Shakib Al Hasan,13,24,13,1,0,100,1,v U.A.E.,Dhaka,26-Feb-16,13
Shakib Al Hasan,32,52,34,3,0,94.11,1,v Sri Lanka,Dhaka,28-Feb-16,30.11764706
Shakib Al Hasan,8,23,13,0,0,61.53,2,v Pakistan,Dhaka,2-Mar-16,4.923076923
Shakib Al Hasan,21,18,16,3,0,131.25,1,v India,Dhaka,6-Mar-16,27.5625
Shakib Al Hasan,5,9,7,0,0,71.42,1,v Netherlands,Dharamsala,9-Mar-16,3.571428571
Shakib Al Hasan,0*,1,0,0,0,-,1,v Ireland,Dharamsala,11-Mar-16,0
Shakib Al Hasan,17*,18,9,2,1,188.88,1,v Oman,Dharamsala,13-Mar-16,32.11111111
Shakib Al Hasan,50*,65,40,5,1,125,2,v Pakistan,Kolkata,16-Mar-16,62.5
Shakib Al Hasan,33,44,25,3,1,132,1,v Australia,Bangalore,21-Mar-16,43.56
Shakib Al Hasan,22,24,15,0,2,146.66,2,v India,Bangalore,23-Mar-16,32.26666667
Shakib Al Hasan,2,6,6,0,0,33.33,2,v New Zealand,Kolkata,26-Mar-16,0.666666667
Shuvagata Hom,6,-,7,0,0,85.71,2,v Zimbabwe,Khulna,15-Jan-16,5.142857143
Shuvagata Hom,DNB,-,-,-,-,-,1,v Zimbabwe,Khulna,17-Jan-16,0
Shuvagata Hom,13,9,10,1,1,130,1,v Australia,Bangalore,21-Mar-16,16.9
Shuvagata Hom,0*,6,1,0,0,0,2,v India,Bangalore,23-Mar-16,0
Shuvagata Hom,16*,19,17,2,0,94.11,2,v New Zealand,Kolkata,26-Mar-16,15.05882353
Sohag Gazi,DNB,-,-,-,-,-,2,v West Indies,Dhaka,10-Dec-12,0
Sohag Gazi,9,12,7,1,0,128.57,2,v Sri Lanka,Pallekele,31-Mar-13,11.57142857
Sohag Gazi,2*,17,4,0,0,50,2,v Zimbabwe,Bulawayo,11-May-13,1
Sohag Gazi,8*,10,7,1,0,114.28,1,v Zimbabwe,Bulawayo,12-May-13,9.142857143
Sohag Gazi,24,22,15,1,1,160,2,v New Zealand,Dhaka,6-Nov-13,38.4
Sohag Gazi,0*,6,0,0,0,-,2,v Sri Lanka,Chittagong,12-Feb-14,0
Sohag Gazi,11,36,20,0,0,55,2,v West Indies,Dhaka,25-Mar-14,6.05
Sohag Gazi,DNB,-,-,-,-,-,1,v India,Dhaka,28-Mar-14,0
Sohag Gazi,DNB,-,-,-,-,-,1,v Australia,Dhaka,1-Apr-14,0
Sohag Gazi,3,10,6,0,0,50,2,v South Africa,Dhaka,5-Jul-15,1.5
Soumya Sarkar,0,3,0,0,0,-,2,v Pakistan,Dhaka,24-Apr-15,0
Soumya Sarkar,7,9,7,1,0,100,2,v South Africa,Dhaka,5-Jul-15,7
Soumya Sarkar,37,31,21,6,1,176.19,2,v South Africa,Dhaka,7-Jul-15,65.19047619
Soumya Sarkar,7,-,5,1,0,140,2,v Zimbabwe,Khulna,15-Jan-16,9.8
Soumya Sarkar,43,42,33,4,3,130.3,1,v Zimbabwe,Khulna,17-Jan-16,56.03030303
Soumya Sarkar,25,36,21,3,1,119.04,2,v Zimbabwe,Khulna,20-Jan-16,29.76190476
Soumya Sarkar,11,6,7,1,1,157.14,2,v Zimbabwe,Khulna,22-Jan-16,17.28571429
Soumya Sarkar,11,16,14,1,0,78.57,2,v India,Dhaka,24-Feb-16,8.642857143
Soumya Sarkar,21,27,14,2,1,150,1,v U.A.E.,Dhaka,26-Feb-16,31.5
Soumya Sarkar,0,7,3,0,0,0,1,v Sri Lanka,Dhaka,28-Feb-16,0
Soumya Sarkar,48,63,48,5,1,100,2,v Pakistan,Dhaka,2-Mar-16,48
Soumya Sarkar,14,18,9,3,0,155.55,1,v India,Dhaka,6-Mar-16,21.77777778
Soumya Sarkar,15,15,13,2,0,115.38,1,v Netherlands,Dharamsala,9-Mar-16,17.30769231
Soumya Sarkar,20,22,13,3,0,153.84,1,v Ireland,Dharamsala,11-Mar-16,30.76923077
Soumya Sarkar,12,28,22,2,0,54.54,1,v Oman,Dharamsala,13-Mar-16,6.545454545
Soumya Sarkar,0,2,2,0,0,0,2,v Pakistan,Kolkata,16-Mar-16,0
Soumya Sarkar,1,6,6,0,0,16.66,1,v Australia,Bangalore,21-Mar-16,0.166666667
Soumya Sarkar,21,24,21,1,1,100,2,v India,Bangalore,23-Mar-16,21
Soumya Sarkar,6,11,8,0,0,75,2,v New Zealand,Kolkata,26-Mar-16,4.5
Suhrawadi Shuvo,1*,-,3,0,0,33.33,2,v Pakistan,Gros Islet,1-May-10,0.333333333
Syed Rasel,DNB,-,-,-,-,-,2,v Kenya,Nairobi (Gym),1-Sep-07,0
Syed Rasel,DNB,-,-,-,-,-,2,v Pakistan,Nairobi (Gym),2-Sep-07,0
Syed Rasel,DNB,-,-,-,-,-,2,v West Indies,Johannesburg,13-Sep-07,0
Syed Rasel,6,5,3,1,0,200,1,v South Africa,Cape Town,15-Sep-07,12
Syed Rasel,DNB,-,-,-,-,-,1,v Australia,Cape Town,16-Sep-07,0
Syed Rasel,0*,1,0,0,0,-,2,v Sri Lanka,Johannesburg,18-Sep-07,0
Syed Rasel,1,5,6,0,0,16.66,1,v Pakistan,Cape Town,20-Sep-07,0.166666667
Syed Rasel,DNB,-,-,-,-,-,2,v South Africa,Johannesburg,5-Nov-08,0
Tamim Iqbal,11,-,12,2,0,91.66,2,v Kenya,Nairobi (Gym),1-Sep-07,10.08333333
Tamim Iqbal,1,-,4,0,0,25,2,v Pakistan,Nairobi (Gym),2-Sep-07,0.25
Tamim Iqbal,10,17,13,2,0,76.92,2,v West Indies,Johannesburg,13-Sep-07,7.692307692
Tamim Iqbal,8,9,7,2,0,114.28,1,v South Africa,Cape Town,15-Sep-07,9.142857143
Tamim Iqbal,32,44,40,3,0,80,1,v Australia,Cape Town,16-Sep-07,25.6
Tamim Iqbal,3,15,10,0,0,30,2,v Sri Lanka,Johannesburg,18-Sep-07,0.9
Tamim Iqbal,3,13,8,0,0,37.5,1,v Pakistan,Cape Town,20-Sep-07,1.125
Tamim Iqbal,23,28,17,4,0,135.29,2,v Pakistan,Karachi,20-Apr-08,31.11764706
Tamim Iqbal,25,36,24,4,0,104.16,2,v South Africa,Johannesburg,5-Nov-08,26.04166667
Tamim Iqbal,15,10,10,3,0,150,2,v India,Nottingham,6-Jun-09,22.5
Tamim Iqbal,22,38,28,2,0,78.57,1,v Ireland,Nottingham,8-Jun-09,17.28571429
Tamim Iqbal,7,12,6,1,0,116.66,1,v West Indies,Basseterre,2-Aug-09,8.166666667
Tamim Iqbal,14,9,9,3,0,155.55,1,v New Zealand,Hamilton,3-Feb-10,21.77777778
Tamim Iqbal,19,-,18,3,0,105.55,2,v Pakistan,Gros Islet,1-May-10,20.05555556
Tamim Iqbal,11,14,14,2,0,78.57,2,v West Indies,Dhaka,11-Oct-11,8.642857143
Tamim Iqbal,31,46,31,3,0,100,1,v Ireland,Belfast,18-Jul-12,31
Tamim Iqbal,0,13,9,0,0,0,1,v Ireland,Belfast,20-Jul-12,0
Tamim Iqbal,39,39,37,6,0,105.4,2,v Ireland,Belfast,21-Jul-12,41.10810811
Tamim Iqbal,26,18,22,2,0,118.18,2,v Scotland,The Hague,24-Jul-12,30.72727273
Tamim Iqbal,69*,69,53,5,2,130.18,2,v Netherlands,The Hague,25-Jul-12,89.83018868
Tamim Iqbal,50,70,46,2,1,108.69,1,v Netherlands,The Hague,26-Jul-12,54.34782609
Tamim Iqbal,0,3,3,0,0,0,2,v New Zealand,Pallekele,21-Sep-12,0
Tamim Iqbal,24,28,12,5,0,200,1,v Pakistan,Pallekele,25-Sep-12,48
Tamim Iqbal,88*,90,61,10,2,144.26,2,v West Indies,Dhaka,10-Dec-12,126.9508197
Tamim Iqbal,2,1,2,0,0,100,2,v Zimbabwe,Bulawayo,11-May-13,2
Tamim Iqbal,43,45,30,6,1,143.33,1,v Zimbabwe,Bulawayo,12-May-13,61.63333333
Tamim Iqbal,30,35,25,6,0,120,2,v Sri Lanka,Chittagong,12-Feb-14,36
Tamim Iqbal,2,4,4,0,0,50,1,v Sri Lanka,Chittagong,14-Feb-14,1
Tamim Iqbal,21,-,27,2,0,77.77,2,v Afghanistan,Dhaka,16-Mar-14,16.33333333
Tamim Iqbal,30,32,22,2,1,136.36,2,v Nepal,Chittagong,18-Mar-14,40.90909091
Tamim Iqbal,0,2,2,0,0,0,1,v Hong Kong,Chittagong,20-Mar-14,0
Tamim Iqbal,5,10,10,1,0,50,2,v West Indies,Dhaka,25-Mar-14,2.5
Tamim Iqbal,6,14,10,1,0,60,1,v India,Dhaka,28-Mar-14,3.6
Tamim Iqbal,16,17,15,2,0,106.66,2,v Pakistan,Dhaka,30-Mar-14,17.06666667
Tamim Iqbal,5,16,11,0,0,45.45,1,v Australia,Dhaka,1-Apr-14,2.272727273
Tamim Iqbal,11*,20,9,1,0,122.22,1,v West Indies,Basseterre,27-Aug-14,13.44444444
Tamim Iqbal,14,11,10,2,1,140,2,v Pakistan,Dhaka,24-Apr-15,19.6
Tamim Iqbal,5,4,4,1,0,125,2,v South Africa,Dhaka,5-Jul-15,6.25
Tamim Iqbal,13,25,18,1,0,72.22,2,v South Africa,Dhaka,7-Jul-15,9.388888889
Tamim Iqbal,31,53,28,3,0,110.71,2,v Zimbabwe,Dhaka,13-Nov-15,34.32142857
Tamim Iqbal,21,19,15,1,2,140,1,v Zimbabwe,Dhaka,15-Nov-15,29.4
Tamim Iqbal,29,-,24,3,1,120.83,2,v Zimbabwe,Khulna,15-Jan-16,35.04166667
Tamim Iqbal,23,26,17,3,1,135.29,1,v Zimbabwe,Khulna,17-Jan-16,31.11764706
Tamim Iqbal,1,12,2,0,0,50,2,v Zimbabwe,Khulna,22-Jan-16,0.5
Tamim Iqbal,7,7,4,0,1,175,2,v Pakistan,Dhaka,2-Mar-16,12.25
Tamim Iqbal,13,22,17,2,0,76.47,1,v India,Dhaka,6-Mar-16,9.941176471
Tamim Iqbal,83*,91,58,6,3,143.1,1,v Netherlands,Dharamsala,9-Mar-16,118.7758621
Tamim Iqbal,47,34,26,3,4,180.76,1,v Ireland,Dharamsala,11-Mar-16,84.96153846
Tamim Iqbal,103*,91,63,10,5,163.49,1,v Oman,Dharamsala,13-Mar-16,168.3968254
Tamim Iqbal,24,40,20,0,2,120,2,v Pakistan,Kolkata,16-Mar-16,28.8
Tamim Iqbal,35,32,32,5,0,109.37,2,v India,Bangalore,23-Mar-16,38.28125
Tamim Iqbal,3,8,8,0,0,37.5,2,v New Zealand,Kolkata,26-Mar-16,1.125
Taskin Ahmed,DNB,-,-,-,-,-,1,v Australia,Dhaka,1-Apr-14,0
Taskin Ahmed,DNB,-,-,-,-,-,1,v West Indies,Basseterre,27-Aug-14,0
Taskin Ahmed,DNB,-,-,-,-,-,2,v Pakistan,Dhaka,24-Apr-15,0
Taskin Ahmed,1*,2,1,0,0,100,2,v Zimbabwe,Khulna,22-Jan-16,1
Taskin Ahmed,15*,13,15,1,1,100,2,v India,Dhaka,24-Feb-16,15
Taskin Ahmed,1,7,2,0,0,50,1,v U.A.E.,Dhaka,26-Feb-16,0.5
Taskin Ahmed,DNB,-,-,-,-,-,1,v Sri Lanka,Dhaka,28-Feb-16,0
Taskin Ahmed,DNB,-,-,-,-,-,2,v Pakistan,Dhaka,2-Mar-16,0
Taskin Ahmed,DNB,-,-,-,-,-,1,v India,Dhaka,6-Mar-16,0
Taskin Ahmed,DNB,-,-,-,-,-,1,v Netherlands,Dharamsala,9-Mar-16,0
Taskin Ahmed,DNB,-,-,-,-,-,1,v Ireland,Dharamsala,11-Mar-16,0
Taskin Ahmed,DNB,-,-,-,-,-,1,v Oman,Dharamsala,13-Mar-16,0
Taskin Ahmed,DNB,-,-,-,-,-,2,v Pakistan,Kolkata,16-Mar-16,0
Ziaur Rahman,40*,25,17,0,5,235.29,1,v Ireland,Belfast,18-Jul-12,94.11764706
Ziaur Rahman,14,10,7,1,1,200,1,v Ireland,Belfast,20-Jul-12,28
Ziaur Rahman,0,1,1,0,0,0,2,v Ireland,Belfast,21-Jul-12,0
Ziaur Rahman,9,7,8,0,1,112.5,2,v Scotland,The Hague,24-Jul-12,10.125
Ziaur Rahman,DNB,-,-,-,-,-,2,v Netherlands,The Hague,25-Jul-12,Nan
Ziaur Rahman,22,20,17,2,1,129.41,1,v Netherlands,The Hague,26-Jul-12,28.47058824
Ziaur Rahman,14*,29,16,0,1,87.5,2,v New Zealand,Pallekele,21-Sep-12,12.25
Ziaur Rahman,1*,2,1,0,0,100,1,v Pakistan,Pallekele,25-Sep-12,1
Ziaur Rahman,DNB,-,-,-,-,-,2,v West Indies,Dhaka,10-Dec-12,Nan
Ziaur Rahman,2,8,7,0,0,28.57,2,v Zimbabwe,Bulawayo,11-May-13,0.571428571
Ziaur Rahman,6,5,2,0,1,300,2,v New Zealand,Dhaka,6-Nov-13,18
Ziaur Rahman,9,17,13,0,0,69.23,2,v West Indies,Dhaka,25-Mar-14,6.230769231
Ziaur Rahman,0,1,1,0,0,0,1,v India,Dhaka,28-Mar-14,0
Ziaur Rahman,0,5,1,0,0,0,2,v Pakistan,Dhaka,30-Mar-14,0
